DATE,PLAYER,SOURCE,CHEST,SCORE,CLAN
2023-02-13,MMM,"Rise of the Ancients" event,Ancients' Chest,50,MMM
2023-02-13,MMM,"Rise of the Ancients" event,Ancients' Chest,50,MMM
2023-02-13,MMM,"Rise of the Ancients" event,Ancients' Chest,50,MMM
2023-02-13,MMM,"Rise of the Ancients" event,Ancients' Chest,50,MMM
2023-02-13,MMM,"Rise of the Ancients" event,Ancients' Chest,50,MMM
2023-02-13,MMM,"Rise of the Ancients" event,Ancients' Chest,50,MMM
2023-02-13,MMM,"Rise of the Ancients" event,Ancients' Chest,50,MMM
2023-02-13,MMM,"Rise of the Ancients" event,Ancients' Chest,50,MMM
2023-02-13,MMM,"Rise of the Ancients" event,Ancients' Chest,50,MMM
2023-02-13,MMM,"Rise of the Ancients" event,Ancients' Chest,50,MMM
2023-02-13,MMM,"Rise of the Ancients" event,Ancients' Chest,50,MMM
2023-02-13,MMM,"Rise of the Ancients" event,Ancients' Chest,50,MMM
2023-02-13,MMM,"Rise of the Ancients" event,Ancients' Chest,50,MMM
2023-02-13,MMM,"Rise of the Ancients" event,Ancients' Chest,50,MMM
2023-02-13,MMM,"Rise of the Ancients" event,Ancients' Chest,50,MMM
2023-02-13,MMM,"Rise of the Ancients" event,Ancients' Chest,50,MMM
2023-02-13,MMM,"Rise of the Ancients" event,Ancients' Chest,50,MMM
2023-02-13,MMM,"Rise of the Ancients" event,Ancients' Chest,50,MMM
2023-02-13,MMM,"Rise of the Ancients" event,Ancients' Chest,50,MMM
2023-02-13,MMM,"Rise of the Ancients" event,Ancients' Chest,50,MMM
2023-02-13,MMM,"Rise of the Ancients" event,Ancients' Chest,50,MMM
2023-02-13,MMM,"Rise of the Ancients" event,Ancients' Chest,50,MMM
2023-02-13,MMM,"Rise of the Ancients" event,Ancients' Chest,50,MMM
2023-02-13,MMM,"Rise of the Ancients" event,Ancients' Chest,50,MMM
2023-02-13,MMM,"Rise of the Ancients" event,Ancients' Chest,50,MMM
2023-02-13,MMM,"Rise of the Ancients" event,Ancients' Chest,50,MMM
2023-02-13,MMM,"Rise of the Ancients" event,Ancients' Chest,50,MMM
2023-02-13,MMM,"Rise of the Ancients" event,Ancients' Chest,50,MMM
2023-02-13,MMM,"Rise of the Ancients" event,Ancients' Chest,50,MMM
2023-02-13,MMM,"Rise of the Ancients" event,Ancients' Chest,50,MMM
2023-02-13,MMM,"Rise of the Ancients" event,Ancients' Chest,50,MMM
2023-02-13,MMM,"Rise of the Ancients" event,Ancients' Chest,50,MMM
2023-02-13,MMM,"Rise of the Ancients" event,Ancients' Chest,50,MMM
2023-02-13,MMM,"Rise of the Ancients" event,Ancients' Chest,50,MMM
2023-02-13,MMM,"Rise of the Ancients" event,Ancients' Chest,50,MMM
2023-02-13,MMM,"Rise of the Ancients" event,Ancients' Chest,50,MMM
2023-02-13,MMM,"Rise of the Ancients" event,Ancients' Chest,50,MMM
2023-02-13,MMM,"Rise of the Ancients" event,Ancients' Chest,50,MMM
2023-02-13,MMM,"Rise of the Ancients" event,Ancients' Chest,50,MMM
2023-02-13,MMM,"Rise of the Ancients" event,Ancients' Chest,50,MMM
2023-02-13,MMM,"Rise of the Ancients" event,Ancients' Chest,50,MMM
2023-02-13,MMM,"Rise of the Ancients" event,Ancients' Chest,50,MMM
2023-02-13,MMM,"Rise of the Ancients" event,Ancients' Chest,50,MMM
2023-02-13,MMM,"Rise of the Ancients" event,Ancients' Chest,50,MMM
2023-02-13,MMM,"Rise of the Ancients" event,Ancients' Chest,50,MMM
2023-02-13,MMM,"Rise of the Ancients" event,Ancients' Chest,50,MMM
2023-02-13,MMM,"Rise of the Ancients" event,Ancients' Chest,50,MMM
2023-02-13,MMM,"Rise of the Ancients" event,Ancients' Chest,50,MMM
2023-02-13,MMM,"Rise of the Ancients" event,Ancients' Chest,50,MMM
2023-02-13,MMM,"Rise of the Ancients" event,Ancients' Chest,50,MMM
2023-02-13,MMM,"Rise of the Ancients" event,Ancients' Chest,50,MMM
2023-02-13,MMM,"Rise of the Ancients" event,Ancients' Chest,50,MMM
2023-02-13,MMM,"Rise of the Ancients" event,Ancients' Chest,50,MMM
2023-02-13,MMM,"Rise of the Ancients" event,Ancients' Chest,50,MMM
2023-02-13,MMM,"Rise of the Ancients" event,Ancients' Chest,50,MMM
2023-02-13,MMM,"Rise of the Ancients" event,Ancients' Chest,50,MMM
2023-02-13,MMM,"Rise of the Ancients" event,Ancients' Chest,50,MMM
2023-02-13,MMM,"Rise of the Ancients" event,Ancients' Chest,50,MMM
2023-02-13,MMM,"Rise of the Ancients" event,Ancients' Chest,50,MMM
2023-02-13,MMM,"Rise of the Ancients" event,Ancients' Chest,50,MMM
2023-02-13,MMM,"Rise of the Ancients" event,Ancients' Chest,50,MMM
2023-02-13,MMM,"Rise of the Ancients" event,Ancients' Chest,50,MMM
2023-02-13,MMM,"Rise of the Ancients" event,Ancients' Chest,50,MMM
2023-02-13,MMM,"Rise of the Ancients" event,Ancients' Chest,50,MMM
2023-02-13,MMM,"Rise of the Ancients" event,Ancients' Chest,50,MMM
2023-02-13,MMM,"Rise of the Ancients" event,Ancients' Chest,50,MMM
2023-02-13,MMM,"Rise of the Ancients" event,Ancients' Chest,50,MMM
2023-02-13,MMM,"Rise of the Ancients" event,Ancients' Chest,50,MMM
2023-02-13,MMM,"Rise of the Ancients" event,Ancients' Chest,50,MMM
2023-02-13,MMM,"Rise of the Ancients" event,Ancients' Chest,50,MMM
2023-02-13,MMM,"Rise of the Ancients" event,Ancients' Chest,50,MMM
2023-02-13,MMM,"Rise of the Ancients" event,Ancients' Chest,50,MMM
2023-02-13,MMM,"Rise of the Ancients" event,Ancients' Chest,50,MMM
2023-02-13,MMM,"Rise of the Ancients" event,Ancients' Chest,50,MMM
2023-02-13,MMM,"Rise of the Ancients" event,Ancients' Chest,50,MMM
2023-02-13,MMM,"Rise of the Ancients" event,Ancients' Chest,50,MMM
2023-02-13,MMM,"Rise of the Ancients" event,Ancients' Chest,50,MMM
2023-02-13,MMM,"Rise of the Ancients" event,Ancients' Chest,50,MMM
2023-02-13,MMM,"Rise of the Ancients" event,Ancients' Chest,50,MMM
2023-02-13,MMM,"Rise of the Ancients" event,Ancients' Chest,50,MMM
2023-02-13,MMM,"Rise of the Ancients" event,Ancients' Chest,50,MMM
2023-02-13,MMM,"Rise of the Ancients" event,Ancients' Chest,50,MMM
2023-02-13,MMM,"Rise of the Ancients" event,Ancients' Chest,50,MMM
2023-02-13,MMM,"Rise of the Ancients" event,Ancients' Chest,50,MMM
2023-02-13,MMM,"Rise of the Ancients" event,Ancients' Chest,50,MMM
2023-02-13,MMM,"Rise of the Ancients" event,Ancients' Chest,50,MMM
2023-02-13,MMM,"Rise of the Ancients" event,Ancients' Chest,50,MMM
2023-02-13,MMM,"Rise of the Ancients" event,Ancients' Chest,50,MMM
2023-02-13,MMM,"Rise of the Ancients" event,Ancients' Chest,50,MMM
2023-02-13,MMM,"Rise of the Ancients" event,Ancients' Chest,50,MMM
2023-02-13,MMM,"Rise of the Ancients" event,Ancients' Chest,50,MMM
2023-02-13,MMM,"Rise of the Ancients" event,Ancients' Chest,50,MMM
2023-02-13,MMM,"Rise of the Ancients" event,Ancients' Chest,50,MMM
2023-02-13,MMM,"Rise of the Ancients" event,Ancients' Chest,50,MMM
2023-02-13,MMM,"Rise of the Ancients" event,Ancients' Chest,50,MMM
2023-02-13,MMM,"Rise of the Ancients" event,Ancients' Chest,50,MMM
2023-02-13,MMM,"Rise of the Ancients" event,Ancients' Chest,50,MMM
2023-02-13,MMM,"Rise of the Ancients" event,Ancients' Chest,50,MMM
2023-02-13,MMM,"Rise of the Ancients" event,Ancients' Chest,50,MMM
2023-02-13,MMM,"Rise of the Ancients" event,Ancients' Chest,50,MMM
2023-02-13,MMM,"Rise of the Ancients" event,Ancients' Chest,50,MMM
2023-02-13,MMM,"Rise of the Ancients" event,Ancients' Chest,50,MMM
2023-02-13,MMM,"Rise of the Ancients" event,Ancients' Chest,50,MMM
2023-02-13,MMM,"Rise of the Ancients" event,Ancients' Chest,50,MMM
2023-02-13,MMM,"Rise of the Ancients" event,Ancients' Chest,50,MMM
2023-02-13,MMM,"Rise of the Ancients" event,Ancients' Chest,50,MMM
2023-02-13,MMM,"Rise of the Ancients" event,Ancients' Chest,50,MMM
2023-02-13,MMM,"Rise of the Ancients" event,Ancients' Chest,50,MMM
2023-02-13,MMM,"Rise of the Ancients" event,Ancients' Chest,50,MMM
2023-02-13,MMM,"Rise of the Ancients" event,Ancients' Chest,50,MMM
2023-02-13,MMM,"Rise of the Ancients" event,Ancients' Chest,50,MMM
2023-02-13,MMM,"Rise of the Ancients" event,Ancients' Chest,50,MMM
2023-02-13,MMM,"Rise of the Ancients" event,Ancients' Chest,50,MMM
2023-02-13,MMM,"Rise of the Ancients" event,Ancients' Chest,50,MMM
2023-02-13,MMM,"Rise of the Ancients" event,Ancients' Chest,50,MMM
2023-02-13,MMM,"Rise of the Ancients" event,Ancients' Chest,50,MMM
2023-02-13,MMM,"Rise of the Ancients" event,Ancients' Chest,50,MMM
2023-02-13,MMM,"Rise of the Ancients" event,Ancients' Chest,50,MMM
2023-02-13,MMM,"Rise of the Ancients" event,Ancients' Chest,50,MMM
2023-02-13,MMM,"Rise of the Ancients" event,Ancients' Chest,50,MMM
2023-02-13,MMM,"Rise of the Ancients" event,Ancients' Chest,50,MMM
2023-02-13,MMM,"Rise of the Ancients" event,Ancients' Chest,50,MMM
2023-02-13,MMM,"Rise of the Ancients" event,Ancients' Chest,50,MMM
2023-02-13,MMM,"Rise of the Ancients" event,Ancients' Chest,50,MMM
2023-02-13,MMM,"Rise of the Ancients" event,Ancients' Chest,50,MMM
2023-02-13,Brandemet,Level 25 Citadel,Cursed Citadel Chest,275,MMM
2023-02-13,Sailv,Level 10 Crypt,Cobra Chest,4,MMM
2023-02-13,ZaCk,Level 15 Crypt,Orc Chest,17,MMM
2023-02-13,Alberikh,Level 20 Crypt,Cobra Chest,84,MMM
2023-02-13,Lirinir,Level 25 Citadel,Elven Citadel Chest,275,MMM
2023-02-13,Uhtred,Level 15 Citadel,Elven Citadel Chest,17,MMM
2023-02-13,Brandemet,Level 25 Citadel,Cursed Citadel Chest,275,MMM
2023-02-13,Brandemet,Level 20 Citadel,Cursed Citadel Chest,84,MMM
2023-02-13,ZaCk,Arena,Gladiator's Chest,2,MMM
2023-02-13,DAJMITU,Level 25 Citadel,Elven Citadel Chest,275,MMM
2023-02-13,Grosvenor,Level 15 Crypt,Barbarian Chest,17,MMM
2023-02-13,Sailv,Level 15 Crypt,Bone Chest,17,MMM
2023-02-13,Kirimand,Level 15 Crypt,Orc Chest,17,MMM
2023-02-13,Lirinir,Level 20 Crypt,Barbarian Chest,84,MMM
2023-02-13,Lirinir,Level 20 Crypt,Orc Chest,84,MMM
2023-02-13,Mr BaCk,Level 15 Crypt,Sand Chest,17,MMM
2023-02-13,Grosvenor,Level 25 Crypt,Infernal Chest,275,MMM
2023-02-13,Grosvenor,Level 25 Crypt,Bone Chest,275,MMM
2023-02-13,Cesarz Saleka,Level 20 Citadel,Elven Citadel Chest,84,MMM
2023-02-13,Fosida,Level 25 Crypt,Orc Chest,275,MMM
2023-02-13,Lirinir,Level 20 Crypt,Mayan Chest,84,MMM
2023-02-13,Tumitac,Mercenary Exchange,Merchant's Chest,200,MMM
2023-02-13,Fosida,Level 20 Crypt,Orc Chest,84,MMM
2023-02-13,Uhtred,Level 15 Citadel,Elven Citadel Chest,17,MMM
2023-02-13,Mr BaCk,Level 15 Crypt,Bone Chest,17,MMM
2023-02-13,Grosvenor,Level 20 Crypt,Mayan Chest,84,MMM
2023-02-13,Fosida,Level 20 Crypt,Mayan Chest,84,MMM
2023-02-13,Alberikh,Level 20 Crypt,Elegant Chest,84,MMM
2023-02-13,Kirimand,Level 15 epic Crypt,Turtle Chest,34,MMM
2023-02-13,Sir Chthulhu I,Level 15 epic Crypt,Harpy Chest,34,MMM
2023-02-13,Grosvenor,Level 15 Crypt,Orc Chest,17,MMM
2023-02-13,Alberikh,Level 20 Crypt,Cobra Chest,84,MMM
2023-02-13,KARMA,Authority Rush tournament,Chest of Authority,100,MMM
2023-02-13,KARMA,Authority Rush tournament,Chest of Authority,100,MMM
2023-02-13,Grosvenor,Level 15 Crypt,Orc Chest,17,MMM
2023-02-13,Uhtred,Level 15 Citadel,Elven Citadel Chest,17,MMM
2023-02-13,KARMA,Authority Rush tournament,Chest of Authority,100,MMM
2023-02-13,Grosvenor,Level 20 Crypt,Barbarian Chest,84,MMM
2023-02-13,Alberikh,Level 20 Crypt,Cobra Chest,84,MMM
2023-02-13,Lirinir,Authority Rush tournament,Chest of Authority,100,MMM
2023-02-13,KARMA,Authority Rush tournament,Chest of Authority,100,MMM
2023-02-13,Grosvenor,Level 20 Crypt,Sand Chest,84,MMM
2023-02-13,Feli,Level 25 Crypt,Mayan Chest,275,MMM
2023-02-13,KARMA,Authority Rush tournament,Chest of Authority,100,MMM
2023-02-13,Tumitac,Authority Rush tournament,Chest of Authority,100,MMM
2023-02-13,Tumitac,Authority Rush tournament,Chest of Authority,100,MMM
2023-02-13,Tumitac,Authority Rush tournament,Chest of Authority,100,MMM
2023-02-13,Uhtred,Level 15 Citadel,Elven Citadel Chest,17,MMM
2023-02-13,KARMA,Authority Rush tournament,Chest of Authority,100,MMM
2023-02-13,KARMA,Authority Rush tournament,Chest of Authority,100,MMM
2023-02-13,Kirimand,Level 15 Crypt,Forgotten Chest,17,MMM
2023-02-13,KARMA,Authority Rush tournament,Chest of Authority,100,MMM
2023-02-13,Maximus Decimus,Level 25 Crypt,Orc Chest,275,MMM
2023-02-13,Immortal,Level 10 Crypt,Orc Chest,4,MMM
2023-02-13,KARMA,Authority Rush tournament,Chest of Authority,100,MMM
2023-02-13,Maximus Decimus,Level 25 Crypt,Forgotten Chest,275,MMM
2023-02-13,Immortal,Level 10 Crypt,Sand Chest,4,MMM
2023-02-13,Tumitac,Authority Rush tournament,Chest of Authority,100,MMM
2023-02-13,Tumitac,Authority Rush tournament,Chest of Authority,100,MMM
2023-02-13,KARMA,Authority Rush tournament,Chest of Authority,100,MMM
2023-02-13,Immortal,Level 10 Crypt,Mayan Chest,4,MMM
2023-02-13,Brandemet,Level 20 Crypt,Cobra Chest,84,MMM
2023-02-13,Lirinir,Authority Rush tournament,Chest of Authority,100,MMM
2023-02-13,Uhtred,Level 20 Citadel,Elven Citadel Chest,84,MMM
2023-02-13,EL CHAPO GUZMAN,Level 15 Citadel,Elven Citadel Chest,17,MMM
2023-02-13,Immortal,Arena,Gladiator's Chest,2,MMM
2023-02-13,Lirinir,Level 20 Citadel,Elven Citadel Chest,84,MMM
2023-02-13,Sir Chthulhu I,Level 15 rare Crypt,Rare Dragon Chest,25,MMM
2023-02-13,Sir Chthulhu I,Level 15 rare Crypt,Rare Dragon Chest,25,MMM
2023-02-13,Lirinir,Level 25 Citadel,Elven Citadel Chest,275,MMM
2023-02-13,Uhtred,Level 20 Citadel,Elven Citadel Chest,84,MMM
2023-02-13,Cesarz Saleka,Level 25 Citadel,Elven Citadel Chest,275,MMM
2023-02-13,Sir James III Son of Hadur,Level 25 Crypt,Fire Chest,275,MMM
2023-02-13,Fosida,Level 20 Crypt,Orc Chest,84,MMM
2023-02-13,KARMA,Mercenary Exchange,Merchant's Chest,200,MMM
2023-02-13,Sir Chthulhu I,Level 5 Crypt,Fire Chest,1,MMM
2023-02-13,Cesarz Saleka,Level 25 Citadel,Elven Citadel Chest,275,MMM
2023-02-13,KARMA,Authority Rush tournament,Chest of Authority,100,MMM
2023-02-13,Lirinir,Authority Rush tournament,Chest of Authority,100,MMM
2023-02-13,Lirinir,Authority Rush tournament,Chest of Authority,100,MMM
2023-02-13,Tumitac,Level 25 Crypt,Orc Chest,275,MMM
2023-02-13,KARMA,Level 25 Crypt,Mayan Chest,275,MMM
2023-02-13,KARMA,Level 25 Crypt,Mayan Chest,275,MMM
2023-02-13,Lirinir,Authority Rush tournament,Chest of Authority,100,MMM
2023-02-13,Tumitac,Level 20 Crypt,Mayan Chest,84,MMM
2023-02-13,KARMA,Level 25 Crypt,Mayan Chest,275,MMM
2023-02-13,Fosida,Level 20 Citadel,Elven Citadel Chest,84,MMM
2023-02-13,KARMA,Level 25 Crypt,Mayan Chest,275,MMM
2023-02-13,Viper I,Level 15 Crypt,Sand Chest,17,MMM
2023-02-13,Lanfir,Level 5 Crypt,Bone Chest,1,MMM
2023-02-13,KARMA,Level 25 Crypt,Mayan Chest,275,MMM
2023-02-13,Viper I,Level 5 Crypt,Orc Chest,1,MMM
2023-02-13,Tumitac,Level 20 Crypt,Mayan Chest,84,MMM
2023-02-13,Lirinir,Authority Rush tournament,Chest of Authority,100,MMM
2023-02-13,Viper I,Level 15 Crypt,Barbarian Chest,17,MMM
2023-02-13,KARMA,Level 25 Crypt,Mayan Chest,275,MMM
2023-02-13,KARMA,Level 25 rare Crypt,Rare Dragon Chest,350,MMM
2023-02-13,KARMA,Level 25 rare Crypt,Rare Dragon Chest,350,MMM
2023-02-13,Brandemet,Authority Rush tournament,Chest of Authority,100,MMM
2023-02-13,Cesarz Saleka,Level 25 Citadel,Cursed Citadel Chest,275,MMM
2023-02-13,Tumitac,Level 25 Crypt,Stone Chest,275,MMM
2023-02-13,KARMA,Level 25 rare Crypt,Rare Dragon Chest,350,MMM
2023-02-13,Cesarz Saleka,Level 25 Citadel,Cursed Citadel Chest,275,MMM
2023-02-13,Fosida,Level 20 Citadel,Elven Citadel Chest,84,MMM
2023-02-13,Cesarz Saleka,Level 20 rare Crypt,Rare Dragon Chest,126,MMM
2023-02-13,Cesarz Saleka,Level 19 heroic Monster,Barbarian Chest,45,MMM
2023-02-13,Tumitac,Level 20 Crypt,Stone Chest,84,MMM
2023-02-13,Lirinir,Level 25 rare Crypt,Rare Dragon Chest,350,MMM
2023-02-13,3CPo,Level 10 Crypt,Forgotten Chest,4,MMM
2023-02-13,D23,Level 20 Crypt,Infernal Chest,84,MMM
2023-02-13,Lirinir,Level 25 rare Crypt,Rare Dragon Chest,350,MMM
2023-02-13,3CPo,Level 10 Crypt,Elegant Chest,4,MMM
2023-02-13,Brandemet,Level 20 rare Crypt,Rare Dragon Chest,126,MMM
2023-02-13,3CPo,Level 10 Crypt,Elegant Chest,4,MMM
2023-02-13,Brandemet,Level 5 Crypt,Stone Chest,1,MMM
2023-02-13,Cesarz Saleka,Level 10 Crypt,Elegant Chest,4,MMM
2023-02-13,Lirinir,Level 25 rare Crypt,Rare Dragon Chest,350,MMM
2023-02-13,Cesarz Saleka,Level 20 Citadel,Cursed Citadel Chest,84,MMM
2023-02-13,Mabrinad,Level 20 Crypt,Sand Chest,84,MMM
2023-02-13,KARMA,Level 25 Crypt,Mayan Chest,275,MMM
2023-02-13,Cesarz Saleka,Level 15 Crypt,Fire Chest,17,MMM
2023-02-13,Eydaen,Level 5 Crypt,Cobra Chest,1,MMM
2023-02-13,Lirinir,Level 25 Crypt,Barbarian Chest,275,MMM
2023-02-13,KARMA,Level 25 Crypt,Mayan Chest,275,MMM
2023-02-13,Cesarz Saleka,Level 30 Citadel,Elven Citadel Chest,380,MMM
2023-02-13,Fosida,Level 15 Citadel,Elven Citadel Chest,17,MMM
2023-02-13,Cesarz Saleka,Level 10 Crypt,Forgotten Chest,4,MMM
2023-02-13,Fosida,Level 15 Citadel,Elven Citadel Chest,17,MMM
2023-02-13,D23,Level 15 Crypt,Mayan Chest,17,MMM
2023-02-13,KARMA,Level 25 Crypt,Mayan Chest,275,MMM
2023-02-13,KARMA,Level 25 Crypt,Mayan Chest,275,MMM
2023-02-13,KARMA,Level 25 Crypt,Mayan Chest,275,MMM
2023-02-13,Cesarz Saleka,Level 17 heroic Monster,Elven Chest,35,MMM
2023-02-13,D23,Level 20 Crypt,Infernal Chest,84,MMM
2023-02-13,Uhtred,Level 20 Citadel,Elven Citadel Chest,84,MMM
2023-02-13,D23,Level 20 Crypt,Fire Chest,84,MMM
2023-02-13,Fosida,Level 15 Citadel,Elven Citadel Chest,17,MMM
2023-02-13,Sir James III Son of Hadur,Level 25 Crypt,Barbarian Chest,275,MMM
2023-02-13,Mabrinad,Authority Rush tournament,Chest of Authority,100,MMM
2023-02-13,Lirinir,Level 20 Crypt,Bone Chest,84,MMM
2023-02-13,Sir James III Son of Hadur,Level 25 Crypt,Sand Chest,275,MMM
2023-02-13,Fosida,Level 15 Citadel,Elven Citadel Chest,17,MMM
2023-02-13,Tumitac,Level 25 Crypt,Mayan Chest,275,MMM
2023-02-13,Lirinir,Level 20 Crypt,Stone Chest,84,MMM
2023-02-13,Sir James III Son of Hadur,Level 25 epic Crypt,Minotaur Chest,550,MMM
2023-02-13,Eydaen,Level 10 Crypt,Infernal Chest,4,MMM
2023-02-13,Sir James III Son of Hadur,Level 25 epic Crypt,Chest of the Cursed,550,MMM
2023-02-13,Tumitac,Level 25 Crypt,Mayan Chest,275,MMM
2023-02-13,Sir James III Son of Hadur,Level 15 Citadel,Elven Citadel Chest,17,MMM
2023-02-13,D23,Level 10 Crypt,Sand Chest,4,MMM
2023-02-13,D23,Arena,Gladiator's Chest,2,MMM
2023-02-13,Cesarz Saleka,Level 25 Citadel,Elven Citadel Chest,275,MMM
2023-02-13,Mabrinad,Authority Rush tournament,Chest of Authority,100,MMM
2023-02-13,Tumitac,Level 25 Crypt,Mayan Chest,275,MMM
2023-02-13,Lirinir,Level 20 Crypt,Orc Chest,84,MMM
2023-02-13,D23,Level 10 Crypt,Mayan Chest,4,MMM
2023-02-13,Eydaen,Level 5 Crypt,Bone Chest,1,MMM
2023-02-13,Tumitac,Level 20 Crypt,Mayan Chest,84,MMM
2023-02-13,Lirinir,Level 20 Crypt,Elegant Chest,84,MMM
2023-02-13,Lirinir,Level 20 Crypt,Sand Chest,84,MMM
2023-02-13,Brandemet,Authority Rush tournament,Chest of Authority,100,MMM
2023-02-13,Cesarz Saleka,Level 18 heroic Monster,Cursed Chest,40,MMM
2023-02-13,Lirinir,Level 20 Crypt,Barbarian Chest,84,MMM
2023-02-13,Tumitac,Level 20 Crypt,Stone Chest,84,MMM
2023-02-13,Uhtred,Level 20 Citadel,Elven Citadel Chest,84,MMM
2023-02-13,Nobody special,Level 15 Crypt,Bone Chest,17,MMM
2023-02-13,Mabrinad,Authority Rush tournament,Chest of Authority,100,MMM
2023-02-13,Nobody special,Level 5 Crypt,Barbarian Chest,1,MMM
2023-02-13,Nobody special,Level 10 Crypt,Gnome Workshop Chest,4,MMM
2023-02-13,Painmoon,Level 20 Crypt,Forgotten Chest,84,MMM
2023-02-13,Nobody special,Level 10 Crypt,Forgotten Chest,4,MMM
2023-02-13,Rebellion,Level 25 Crypt,Mayan Chest,275,MMM
2023-02-13,Nobody special,Level 15 Crypt,Sand Chest,17,MMM
2023-02-13,Lanfir,Level 5 Crypt,Bone Chest,1,MMM
2023-02-13,D23,Level 20 Crypt,Infernal Chest,84,MMM
2023-02-13,Rebellion,Level 25 Crypt,Mayan Chest,275,MMM
2023-02-13,D23,Authority Rush tournament,Chest of Authority,100,MMM
2023-02-13,Uhtred,Level 20 Citadel,Elven Citadel Chest,84,MMM
2023-02-13,Nobody special,Level 15 Crypt,Barbarian Chest,17,MMM
2023-02-13,Rebellion,Level 25 Crypt,Bone Chest,275,MMM
2023-02-13,Nobody special,Level 5 Crypt,Mayan Chest,1,MMM
2023-02-13,Rebellion,Level 20 Crypt,Infernal Chest,84,MMM
2023-02-13,Nobody special,Level 5 Crypt,Elegant Chest,1,MMM
2023-02-13,Lirinir,Level 25 epic Crypt,Abandoned Chest,550,MMM
2023-02-13,Rebellion,Level 20 Crypt,Bone Chest,84,MMM
2023-02-13,Nobody special,Level 5 Crypt,Gnome Workshop Chest,1,MMM
2023-02-13,D23,Level 10 Crypt,Orc Chest,4,MMM
2023-02-13,Lirinir,Level 25 epic Crypt,Chest of the Cursed,550,MMM
2023-02-13,Nobody special,Level 5 Crypt,Stone Chest,1,MMM
2023-02-13,Lirinir,Level 25 epic Crypt,White Wood Chest,550,MMM
2023-02-13,Nobody special,Level 5 Crypt,Cobra Chest,1,MMM
2023-02-13,D23,Level 15 Citadel,Elven Citadel Chest,17,MMM
2023-02-13,Muradin Bronzebeard,Level 20 rare Crypt,Rare Dragon Chest,126,MMM
2023-02-13,D23,Level 20 Crypt,Infernal Chest,84,MMM
2023-02-13,Nobody special,Level 5 Crypt,Forgotten Chest,1,MMM
2023-02-13,Nobody special,Level 5 Crypt,Sand Chest,1,MMM
2023-02-13,Nobody special,Level 10 Crypt,Fire Chest,4,MMM
2023-02-13,Lirinir,Level 20 rare Crypt,Rare Dragon Chest,126,MMM
2023-02-13,Nobody special,Level 5 Crypt,Sand Chest,1,MMM
2023-02-13,Nobody special,Level 15 Crypt,Fire Chest,17,MMM
2023-02-13,Nobody special,Level 15 Crypt,Mayan Chest,17,MMM
2023-02-13,Nobody special,Level 15 Crypt,Orc Chest,17,MMM
2023-02-13,Nobody special,Level 5 Crypt,Elegant Chest,1,MMM
2023-02-13,KARMA,Authority Rush tournament,Chest of Authority,100,MMM
2023-02-13,Nobody special,Level 5 Crypt,Elegant Chest,1,MMM
2023-02-13,Nobody special,Level 5 Crypt,Orc Chest,1,MMM
2023-02-13,Nobody special,Level 10 Crypt,Sand Chest,4,MMM
2023-02-13,Nobody special,Level 5 Crypt,Barbarian Chest,1,MMM
2023-02-13,Feli,Level 20 Crypt,Mayan Chest,84,MMM
2023-02-13,KARMA,Authority Rush tournament,Chest of Authority,100,MMM
2023-02-13,KARMA,Authority Rush tournament,Chest of Authority,100,MMM
2023-02-13,Uhtred,Level 15 Crypt,Elegant Chest,17,MMM
2023-02-13,Nobody special,Level 5 Crypt,Mayan Chest,1,MMM
2023-02-13,Nobody special,Level 5 Crypt,Stone Chest,1,MMM
2023-02-13,Lanfir,Level 5 Crypt,Gnome Workshop Chest,1,MMM
2023-02-13,Uhtred,Level 15 Crypt,Elegant Chest,17,MMM
2023-02-13,Nobody special,Level 15 Crypt,Gnome Workshop Chest,17,MMM
2023-02-13,Nobody special,Level 15 Crypt,Infernal Chest,17,MMM
2023-02-13,Nobody special,Level 15 Crypt,Elegant Chest,17,MMM
2023-02-13,Uhtred,Level 15 Crypt,Elegant Chest,17,MMM
2023-02-13,Uhtred,Level 20 Crypt,Elegant Chest,84,MMM
2023-02-13,Nobody special,Level 10 Crypt,Infernal Chest,4,MMM
2023-02-13,Uhtred,Level 20 Crypt,Elegant Chest,84,MMM
2023-02-13,Lorfanor,Level 15 Citadel,Elven Citadel Chest,17,MMM
2023-02-13,Nobody special,Level 15 Crypt,Bone Chest,17,MMM
2023-02-13,Nobody special,Level 15 Crypt,Infernal Chest,17,MMM
2023-02-13,Eydaen,Level 10 Crypt,Elegant Chest,4,MMM
2023-02-13,Uhtred,Level 20 Crypt,Elegant Chest,84,MMM
2023-02-13,Nobody special,Level 15 Crypt,Infernal Chest,17,MMM
2023-02-13,Nobody special,Level 15 Crypt,Fire Chest,17,MMM
2023-02-13,Nobody special,Level 15 Crypt,Barbarian Chest,17,MMM
2023-02-13,Nobody special,Level 15 Crypt,Elegant Chest,17,MMM
2023-02-13,Uhtred,Level 25 Crypt,Elegant Chest,275,MMM
2023-02-13,Nobody special,Level 15 Crypt,Stone Chest,17,MMM
2023-02-13,DarkAngel,Level 10 Crypt,Infernal Chest,4,MMM
2023-02-13,Nobody special,Level 15 Crypt,Forgotten Chest,17,MMM
2023-02-13,Uhtred,Level 25 Crypt,Elegant Chest,275,MMM
2023-02-13,Nobody special,Level 10 Crypt,Bone Chest,4,MMM
2023-02-13,DarkAngel,Level 10 Crypt,Orc Chest,4,MMM
2023-02-13,Nobody special,Level 15 Crypt,Orc Chest,17,MMM
2023-02-13,Uhtred,Level 25 Crypt,Elegant Chest,275,MMM
2023-02-13,Lorfanor,Level 10 Crypt,Orc Chest,4,MMM
2023-02-13,DarkAngel,Level 20 epic Crypt,Braided Chest,168,MMM
2023-02-13,Lorfanor,Level 10 Crypt,Barbarian Chest,4,MMM
2023-02-13,Lorfanor,Level 15 Crypt,Bone Chest,17,MMM
2023-02-13,Lorfanor,Level 10 Citadel,Elven Citadel Chest,4,MMM
2023-02-13,Lorfanor,Level 10 Crypt,Forgotten Chest,4,MMM
2023-02-13,Lorfanor,Level 10 Crypt,Bone Chest,4,MMM
2023-02-13,Lanfir,Level 5 Crypt,Bone Chest,1,MMM
2023-02-13,Kirimand,Level 15 Crypt,Cobra Chest,17,MMM
2023-02-13,Lorfanor,Level 15 epic Crypt,Cobalt Chest,34,MMM
2023-02-13,DarkAngel,Level 15 Crypt,Sand Chest,17,MMM
2023-02-13,Mazura,Level 15 Crypt,Bone Chest,17,MMM
2023-02-13,Mabrinad,Clan wealth,Common Chest of Wealth,0,MMM
2023-02-13,Mabrinad,Clan wealth,Uncommon Chest of Wealth,0,MMM
2023-02-13,Mabrinad,Clan wealth,Rare Chest of Wealth,0,MMM
2023-02-13,Mabrinad,Clan wealth,Epic Chest of Wealth,0,MMM
2023-02-13,Kirimand,Level 15 Crypt,Elegant Chest,17,MMM
2023-02-13,Mazura,Level 15 Crypt,Orc Chest,17,MMM
2023-02-13,Silverblade,Level 15 epic Crypt,Trillium Chest,34,MMM
2023-02-13,Mazura,Level 15 Crypt,Forgotten Chest,17,MMM
2023-02-13,Silverblade,Level 15 Citadel,Elven Citadel Chest,17,MMM
2023-02-13,Silverblade,Level 10 rare Crypt,Rare Dragon Chest,6,MMM
2023-02-13,Silverblade,Level 15 Crypt,Infernal Chest,17,MMM
2023-02-13,Muradin Bronzebeard,Level 15 Crypt,Barbarian Chest,17,MMM
2023-02-13,Silverblade,Level 10 Citadel,Elven Citadel Chest,4,MMM
2023-02-13,Lirinir,Level 25 Citadel,Elven Citadel Chest,275,MMM
2023-02-13,Muradin Bronzebeard,Level 15 Crypt,Infernal Chest,17,MMM
2023-02-13,Lirinir,Level 25 rare Crypt,Rare Dragon Chest,350,MMM
2023-02-13,Lirinir,Level 25 rare Crypt,Rare Dragon Chest,350,MMM
2023-02-13,Lirinir,Level 25 Citadel,Elven Citadel Chest,275,MMM
2023-02-13,Kirimand,Level 15 Crypt,Sand Chest,17,MMM
2023-02-13,Lirinir,Level 25 Citadel,Elven Citadel Chest,275,MMM
2023-02-13,Lirinir,Level 25 Citadel,Elven Citadel Chest,275,MMM
2023-02-13,Kirimand,Level 15 Crypt,Orc Chest,17,MMM
2023-02-13,Lirinir,Level 25 Citadel,Elven Citadel Chest,275,MMM
2023-02-13,Lirinir,Level 25 Citadel,Elven Citadel Chest,275,MMM
2023-02-13,Dugul,Level 5 Crypt,Elegant Chest,1,MMM
2023-02-13,Dugul,Level 10 Crypt,Cobra Chest,4,MMM
2023-02-13,Dugul,Level 5 Crypt,Stone Chest,1,MMM
2023-02-13,Kirimand,Level 15 Crypt,Cobra Chest,17,MMM
2023-02-13,Lirinir,Level 25 Citadel,Elven Citadel Chest,275,MMM
2023-02-13,Lirinir,Authority Rush tournament,Chest of Authority,100,MMM
2023-02-13,Silverblade,Level 10 Crypt,Cobra Chest,4,MMM
2023-02-13,Pearl,Level 25 Crypt,Stone Chest,275,MMM
2023-02-13,Lirinir,Level 25 Citadel,Elven Citadel Chest,275,MMM
2023-02-13,Pearl,Level 5 Crypt,Forgotten Chest,1,MMM
2023-02-13,Pearl,Level 10 Crypt,Bone Chest,4,MMM
2023-02-13,Painmoon,Authority Rush tournament,Chest of Authority,100,MMM
2023-02-13,Dugul,Level 5 Crypt,Cobra Chest,1,MMM
2023-02-13,Pearl,Level 20 Crypt,Sand Chest,84,MMM
2023-02-13,Lirinir,Level 25 Citadel,Elven Citadel Chest,275,MMM
2023-02-13,Dugul,Level 15 rare Crypt,Rare Dragon Chest,25,MMM
2023-02-13,Dugul,Level 15 Citadel,Elven Citadel Chest,17,MMM
2023-02-13,Sassy Gal,Level 5 Crypt,Cobra Chest,1,MMM
2023-02-13,Silverblade,Level 10 Citadel,Elven Citadel Chest,4,MMM
2023-02-13,Lirinir,Level 25 Citadel,Elven Citadel Chest,275,MMM
2023-02-13,Dugul,Level 10 Citadel,Elven Citadel Chest,4,MMM
2023-02-13,Kirimand,Level 15 Crypt,Cobra Chest,17,MMM
2023-02-13,Lirinir,Level 25 Citadel,Elven Citadel Chest,275,MMM
2023-02-13,Silverblade,Level 10 Crypt,Orc Chest,4,MMM
2023-02-13,Dugul,Level 15 Citadel,Elven Citadel Chest,17,MMM
2023-02-13,Dugul,Level 15 rare Crypt,Rare Dragon Chest,25,MMM
2023-02-13,LETS GO BRANDON,Level 5 Crypt,Forgotten Chest,1,MMM
2023-02-13,Kirimand,Level 15 Crypt,Stone Chest,17,MMM
2023-02-13,LETS GO BRANDON,Level 10 rare Crypt,Rare Dragon Chest,6,MMM
2023-02-13,Kirimand,Level 15 Crypt,Elegant Chest,17,MMM
2023-02-13,Silverblade,Level 10 Crypt,Gnome Workshop Chest,4,MMM
2023-02-13,Silverblade,Level 10 Crypt,Fire Chest,4,MMM
2023-02-13,Kirimand,Level 15 Crypt,Elegant Chest,17,MMM
2023-02-13,Kokosz,Level 20 Crypt,Orc Chest,84,MMM
2023-02-13,Silverblade,Level 10 Crypt,Orc Chest,4,MMM
2023-02-13,Kokosz,Level 20 Crypt,Orc Chest,84,MMM
2023-02-13,Kirimand,Level 15 Crypt,Forgotten Chest,17,MMM
2023-02-13,Kokosz,Level 20 Crypt,Orc Chest,84,MMM
2023-02-13,Silverblade,Level 15 rare Crypt,Rare Dragon Chest,25,MMM
2023-02-13,Kokosz,Level 20 Crypt,Orc Chest,84,MMM
2023-02-13,Silverblade,Level 10 Citadel,Elven Citadel Chest,4,MMM
2023-02-13,Heretical Hermit,Epic Inferno squad,Hell's Blacksmith’s Chest,0,MMM
2023-02-13,Kokosz,Level 20 Crypt,Orc Chest,84,MMM
2023-02-13,Muradin Bronzebeard,Level 15 Crypt,Fire Chest,17,MMM
2023-02-13,Muradin Bronzebeard,Level 10 Crypt,Barbarian Chest,4,MMM
2023-02-13,Muradin Bronzebeard,Level 20 Citadel,Cursed Citadel Chest,84,MMM
2023-02-13,Heretical Hermit,Authority Rush tournament,Chest of Authority,100,MMM
2023-02-13,Muradin Bronzebeard,Level 15 Citadel,Elven Citadel Chest,17,MMM
2023-02-13,Vlad the Impaler,Level 10 Crypt,Gnome Workshop Chest,4,MMM
2023-02-13,Vlad the Impaler,Level 10 Crypt,Sand Chest,4,MMM
2023-02-13,Vlad the Impaler,Level 10 Crypt,Mayan Chest,4,MMM
2023-02-13,Vlad the Impaler,Level 10 Crypt,Stone Chest,4,MMM
2023-02-13,Silverblade,Level 10 Citadel,Elven Citadel Chest,4,MMM
2023-02-13,Sassy Gal,Level 10 Citadel,Elven Citadel Chest,4,MMM
2023-02-13,Muradin Bronzebeard,Level 10 Citadel,Elven Citadel Chest,4,MMM
2023-02-13,Vlad the Impaler,Level 20 Crypt,Sand Chest,84,MMM
2023-02-13,Dugul,Level 15 Citadel,Elven Citadel Chest,17,MMM
2023-02-13,Vlad the Impaler,Level 10 Crypt,Fire Chest,4,MMM
2023-02-13,Silverblade,Level 10 rare Crypt,Rare Dragon Chest,6,MMM
2023-02-13,Silverblade,Level 10 rare Crypt,Rare Dragon Chest,6,MMM
2023-02-13,Silverblade,Level 15 rare Crypt,Rare Dragon Chest,25,MMM
2023-02-13,Kirimand,Level 15 Crypt,Orc Chest,17,MMM
2023-02-13,Heretical Hermit,Level 25 Crypt,Mayan Chest,275,MMM
2023-02-13,Heretical Hermit,Level 25 Crypt,Forgotten Chest,275,MMM
2023-02-13,Silverblade,Level 10 rare Crypt,Rare Dragon Chest,6,MMM
2023-02-13,Heretical Hermit,Level 25 Crypt,Stone Chest,275,MMM
2023-02-13,Heretical Hermit,Level 30 rare Crypt,Rare Dragon Chest,500,MMM
2023-02-13,Heretical Hermit,Level 30 rare Crypt,Rare Dragon Chest,500,MMM
2023-02-13,Silverblade,Level 15 rare Crypt,Rare Dragon Chest,25,MMM
2023-02-13,Kirimand,Level 15 Crypt,Sand Chest,17,MMM
2023-02-13,Heretical Hermit,Level 30 rare Crypt,Rare Dragon Chest,500,MMM
2023-02-13,Silverblade,Level 15 epic Crypt,Titansteel Chest,34,MMM
2023-02-13,Heretical Hermit,Level 35 epic Crypt,Cobalt Chest,1000,MMM
2023-02-13,Heretical Hermit,Level 35 epic Crypt,Cobalt Chest,1000,MMM
2023-02-13,Pearl,Level 10 Crypt,Fire Chest,4,MMM
2023-02-13,Kirimand,Level 15 Crypt,Elegant Chest,17,MMM
2023-02-13,Sassy Gal,Level 10 Crypt,Cobra Chest,4,MMM
2023-02-13,Muradin Bronzebeard,Level 10 Crypt,Gnome Workshop Chest,4,MMM
2023-02-13,Silverblade,Level 10 Crypt,Forgotten Chest,4,MMM
2023-02-13,Silverblade,Level 10 Crypt,Elegant Chest,4,MMM
2023-02-13,Silverblade,Level 15 epic Crypt,Braided Chest,34,MMM
2023-02-13,Uhtred,Level 15 rare Crypt,Rare Dragon Chest,25,MMM
2023-02-13,Lady G,Level 20 Crypt,Gnome Workshop Chest,84,MMM
2023-02-13,Uhtred,Level 15 rare Crypt,Rare Dragon Chest,25,MMM
2023-02-13,Lady G,Level 15 Crypt,Sand Chest,17,MMM
2023-02-13,Uhtred,Level 15 rare Crypt,Rare Dragon Chest,25,MMM
2023-02-13,Uhtred,Level 15 rare Crypt,Rare Dragon Chest,25,MMM
2023-02-13,Lady G,Level 20 Crypt,Cobra Chest,84,MMM
2023-02-13,Uhtred,Level 15 rare Crypt,Rare Dragon Chest,25,MMM
2023-02-13,Silverblade,Level 10 Crypt,Cobra Chest,4,MMM
2023-02-13,Uhtred,Level 15 rare Crypt,Rare Dragon Chest,25,MMM
2023-02-13,Silverblade,Level 15 Crypt,Fire Chest,17,MMM
2023-02-13,Lady G,Level 10 rare Crypt,Rare Dragon Chest,6,MMM
2023-02-13,Uhtred,Level 15 rare Crypt,Rare Dragon Chest,25,MMM
2023-02-13,Silverblade,Level 10 Crypt,Orc Chest,4,MMM
2023-02-13,Uhtred,Level 15 rare Crypt,Rare Dragon Chest,25,MMM
2023-02-13,Uhtred,Level 15 rare Crypt,Rare Dragon Chest,25,MMM
2023-02-13,Uhtred,Level 15 rare Crypt,Rare Dragon Chest,25,MMM
2023-02-13,Silverblade,Level 10 rare Crypt,Rare Dragon Chest,6,MMM
2023-02-13,Uhtred,Level 20 rare Crypt,Rare Dragon Chest,126,MMM
2023-02-13,Silverblade,Level 15 rare Crypt,Rare Dragon Chest,25,MMM
2023-02-13,Uhtred,Level 20 rare Crypt,Rare Dragon Chest,126,MMM
2023-02-13,Silverblade,Level 15 epic Crypt,Ancient Warrior's Chest,34,MMM
2023-02-13,Uhtred,Level 20 rare Crypt,Rare Dragon Chest,126,MMM
2023-02-13,Silverblade,Level 15 epic Crypt,Priest's Chest,34,MMM
2023-02-13,Uhtred,Level 20 rare Crypt,Rare Dragon Chest,126,MMM
2023-02-13,Uhtred,Level 20 rare Crypt,Rare Dragon Chest,126,MMM
2023-02-13,Maximus Decimus,Level 25 Crypt,Forgotten Chest,275,MMM
2023-02-13,Silverblade,Level 15 Crypt,Sand Chest,17,MMM
2023-02-13,Maximus Decimus,Level 25 Crypt,Orc Chest,275,MMM
2023-02-13,Silverblade,Level 15 epic Crypt,Barbarian Chest,34,MMM
2023-02-13,Maximus Decimus,Level 25 Crypt,Orc Chest,275,MMM
2023-02-13,Maximus Decimus,Level 20 Crypt,Forgotten Chest,84,MMM
2023-02-13,Silverblade,Level 10 Crypt,Barbarian Chest,4,MMM
2023-02-13,Silverblade,Level 15 Citadel,Elven Citadel Chest,17,MMM
2023-02-13,Maximus Decimus,Level 25 epic Crypt,Harpy Chest,550,MMM
2023-02-13,Silverblade,Level 10 Crypt,Sand Chest,4,MMM
2023-02-13,Silverblade,Level 15 epic Crypt,Titansteel Chest,34,MMM
2023-02-13,Maximus Decimus,Level 25 epic Crypt,Harpy Chest,550,MMM
2023-02-13,Silverblade,Level 15 epic Crypt,Chest of the Cursed,34,MMM
2023-02-13,Silverblade,Level 10 Crypt,Gnome Workshop Chest,4,MMM
2023-02-13,Silverblade,Level 15 rare Crypt,Rare Dragon Chest,25,MMM
2023-02-13,Silverblade,Level 15 Crypt,Barbarian Chest,17,MMM
2023-02-13,Silverblade,Level 10 Crypt,Gnome Workshop Chest,4,MMM
2023-02-13,Silverblade,Level 10 Crypt,Mayan Chest,4,MMM
2023-02-13,Silverblade,Level 10 Crypt,Mayan Chest,4,MMM
2023-02-13,Silverblade,Level 10 Crypt,Forgotten Chest,4,MMM
2023-02-13,Silverblade,Level 15 epic Crypt,Ancient Bastion Chest,34,MMM
2023-02-13,ZaCk,Level 20 Crypt,Orc Chest,84,MMM
2023-02-13,ZaCk,Level 20 Crypt,Sand Chest,84,MMM
2023-02-13,Rudolf,Level 20 epic Crypt,Titansteel Chest,168,MMM
2023-02-13,RED GUARDIAN,Level 20 Crypt,Orc Chest,84,MMM
2023-02-13,Silverblade,Level 10 Crypt,Fire Chest,4,MMM
2023-02-13,RED GUARDIAN,Level 20 Crypt,Orc Chest,84,MMM
2023-02-13,RED GUARDIAN,Level 20 Crypt,Orc Chest,84,MMM
2023-02-13,ZaCk,Level 20 Crypt,Sand Chest,84,MMM
2023-02-13,RED GUARDIAN,Level 20 Crypt,Orc Chest,84,MMM
2023-02-13,RED GUARDIAN,Level 15 rare Crypt,Rare Dragon Chest,25,MMM
2023-02-13,ZaCk,Level 15 Crypt,Bone Chest,17,MMM
2023-02-13,Sassy Gal,Level 15 epic Crypt,Scorpion Chest,34,MMM
2023-02-13,Grozilkree,Level 15 Crypt,Cobra Chest,17,MMM
2023-02-13,Grozilkree,Level 20 Crypt,Stone Chest,84,MMM
2023-02-13,Grozilkree,Level 15 Crypt,Forgotten Chest,17,MMM
2023-02-13,Sassy Gal,Level 5 Crypt,Bone Chest,1,MMM
2023-02-13,Sassy Gal,Level 5 Crypt,Forgotten Chest,1,MMM
2023-02-13,Grozilkree,Level 10 Citadel,Elven Citadel Chest,4,MMM
2023-02-13,Sailv,Level 10 Crypt,Bone Chest,4,MMM
2023-02-13,Sassy Gal,Level 10 Crypt,Orc Chest,4,MMM
2023-02-13,Grozilkree,Level 15 Crypt,Cobra Chest,17,MMM
2023-02-13,Grozilkree,Level 15 Crypt,Mayan Chest,17,MMM
2023-02-13,Sailv,Level 20 Citadel,Elven Citadel Chest,84,MMM
2023-02-13,Sailv,Level 20 epic Crypt,Scorpion Chest,168,MMM
2023-02-13,Sailv,Arena,Gladiator's Chest,2,MMM
2023-02-13,Sir James III Son of Hadur,Level 25 Crypt,Forgotten Chest,275,MMM
2023-02-13,Sailv,Level 15 Crypt,Fire Chest,17,MMM
2023-02-13,Sailv,Level 5 Crypt,Sand Chest,1,MMM
2023-02-13,Sailv,Level 5 Crypt,Elegant Chest,1,MMM
2023-02-13,Saucy Joy,Level 15 epic Crypt,Barbarian Chest,34,MMM
2023-02-13,Sir James III Son of Hadur,Level 25 Crypt,Barbarian Chest,275,MMM
2023-02-13,Sir James III Son of Hadur,Level 25 Crypt,Fire Chest,275,MMM
2023-02-13,Sailv,Level 10 Crypt,Orc Chest,4,MMM
2023-02-13,Sir James III Son of Hadur,Level 25 Crypt,Mayan Chest,275,MMM
2023-02-13,Saucy Joy,Level 10 Citadel,Elven Citadel Chest,4,MMM
2023-02-13,Sir James III Son of Hadur,Level 25 Crypt,Elegant Chest,275,MMM
2023-02-13,Brandemet,Level 20 rare Crypt,Rare Dragon Chest,126,MMM
2023-02-13,Saucy Joy,Level 5 Crypt,Fire Chest,1,MMM
2023-02-13,Brandemet,Level 5 Crypt,Fire Chest,1,MMM
2023-02-13,Brandemet,Level 25 Citadel,Cursed Citadel Chest,275,MMM
2023-02-13,Saucy Joy,Level 5 Crypt,Forgotten Chest,1,MMM
2023-02-13,Saucy Joy,Level 5 Crypt,Forgotten Chest,1,MMM
2023-02-13,Rain,Level 20 Crypt,Cobra Chest,84,MMM
2023-02-13,Brandemet,Level 10 Crypt,Sand Chest,4,MMM
2023-02-13,Saucy Joy,Level 15 rare Crypt,Rare Dragon Chest,25,MMM
2023-02-13,Brandemet,Level 5 Crypt,Mayan Chest,1,MMM
2023-02-13,Brandemet,Level 10 Crypt,Cobra Chest,4,MMM
2023-02-13,RED GUARDIAN,Level 15 Citadel,Elven Citadel Chest,17,MMM
2023-02-13,LETS GO BRANDON,Level 5 Crypt,Mayan Chest,1,MMM
2023-02-13,Alberikh,Level 20 Crypt,Elegant Chest,84,MMM
2023-02-13,Rainblade,Level 15 epic Crypt,Minotaur Chest,34,MMM
2023-02-13,Rainblade,Level 15 epic Crypt,Chest of the Cursed,34,MMM
2023-02-13,Sailv,Level 10 Crypt,Barbarian Chest,4,MMM
2023-02-13,Rainblade,Level 15 Crypt,Mayan Chest,17,MMM
2023-02-13,Rain,Level 15 Crypt,Fire Chest,17,MMM
2023-02-13,Rain,Level 20 Crypt,Gnome Workshop Chest,84,MMM
2023-02-13,Rainblade,Level 15 Crypt,Infernal Chest,17,MMM
2023-02-13,Sir RES,Level 15 Crypt,Elegant Chest,17,MMM
2023-02-13,Rain,Level 20 Crypt,Forgotten Chest,84,MMM
2023-02-13,Rain,Level 20 Crypt,Infernal Chest,84,MMM
2023-02-13,Rain,Level 10 Crypt,Gnome Workshop Chest,4,MMM
2023-02-13,Rain,Level 20 Crypt,Forgotten Chest,84,MMM
2023-02-13,Rain,Level 15 Crypt,Stone Chest,17,MMM
2023-02-13,Sir RES,Level 20 rare Crypt,Rare Dragon Chest,126,MMM
2023-02-13,Rain,Level 20 Crypt,Barbarian Chest,84,MMM
2023-02-13,Rainblade,Level 15 Crypt,Gnome Workshop Chest,17,MMM
2023-02-13,Sir RES,Level 15 Crypt,Elegant Chest,17,MMM
2023-02-13,Gradog,Level 20 Citadel,Elven Citadel Chest,84,MMM
2023-02-13,Sir RES,Level 10 Crypt,Infernal Chest,4,MMM
2023-02-13,Sailv,Level 10 Crypt,Sand Chest,4,MMM
2023-02-13,Sir RES,Level 15 epic Crypt,Scorpion Chest,34,MMM
2023-02-13,Sailv,Level 15 Crypt,Forgotten Chest,17,MMM
2023-02-13,Gradog,Level 25 Crypt,Bone Chest,275,MMM
2023-02-13,Thorn,Level 20 Crypt,Orc Chest,84,MMM
2023-02-13,Thorn,Level 20 Crypt,Mayan Chest,84,MMM
2023-02-13,Brandemet,Level 25 Citadel,Cursed Citadel Chest,275,MMM
2023-02-13,Thorn,Level 20 Crypt,Barbarian Chest,84,MMM
2023-02-13,Brandemet,Level 10 Crypt,Infernal Chest,4,MMM
2023-02-13,Brandemet,Level 20 Crypt,Cobra Chest,84,MMM
2023-02-13,Thorn,Level 20 Crypt,Barbarian Chest,84,MMM
2023-02-13,Thorn,Level 20 Crypt,Barbarian Chest,84,MMM
2023-02-13,Karodor,Level 20 Crypt,Infernal Chest,84,MMM
2023-02-13,Sir RES,Level 10 Citadel,Elven Citadel Chest,4,MMM
2023-02-13,Karodor,Level 20 Crypt,Sand Chest,84,MMM
2023-02-13,LETS GO BRANDON,Level 5 Crypt,Orc Chest,1,MMM
2023-02-13,Sir James III Son of Hadur,Clan wealth,Common Chest of Wealth,0,MMM
2023-02-13,Sir James III Son of Hadur,Clan wealth,Uncommon Chest of Wealth,0,MMM
2023-02-13,Sir James III Son of Hadur,Clan wealth,Rare Chest of Wealth,0,MMM
2023-02-13,Sir James III Son of Hadur,Clan wealth,Epic Chest of Wealth,0,MMM
2023-02-13,Hulk,Bank,Precious Chest,100,MMM
2023-02-13,Hulk,Bank,Precious Chest,100,MMM
2023-02-13,Hulk,Bank,Precious Chest,100,MMM
2023-02-13,Hulk,Bank,Precious Chest,100,MMM
2023-02-13,Hulk,Bank,Precious Chest,100,MMM
2023-02-13,Hulk,Bank,Precious Chest,100,MMM
2023-02-13,Hulk,Bank,Precious Chest,100,MMM
2023-02-13,Hulk,Bank,Precious Chest,100,MMM
2023-02-13,Hulk,Bank,Precious Chest,100,MMM
2023-02-13,Rainblade,Level 15 epic Crypt,Ancient Bastion Chest,34,MMM
2023-02-13,Sir RES,Level 10 rare Crypt,Rare Dragon Chest,6,MMM
2023-02-13,Brandemet,Level 25 Citadel,Cursed Citadel Chest,275,MMM
2023-02-13,RED GUARDIAN,Level 15 rare Crypt,Rare Dragon Chest,25,MMM
2023-02-13,Rainblade,Level 15 Crypt,Barbarian Chest,17,MMM
2023-02-13,Sir RES,Level 15 epic Crypt,Ancient Warrior's Chest,34,MMM
2023-02-13,Sir RES,Level 10 Crypt,Mayan Chest,4,MMM
2023-02-13,Sir RES,Level 10 Crypt,Elegant Chest,4,MMM
2023-02-13,Thoth,Level 20 Crypt,Orc Chest,84,MMM
2023-02-13,RED GUARDIAN,Level 15 epic Crypt,Priest's Chest,34,MMM
2023-02-13,Rainblade,Level 10 Crypt,Elegant Chest,4,MMM
2023-02-13,Rainblade,Level 15 Crypt,Bone Chest,17,MMM
2023-02-13,Rainblade,Level 15 Crypt,Cobra Chest,17,MMM
2023-02-13,Thoth,Level 20 Crypt,Cobra Chest,84,MMM
2023-02-13,Rainblade,Level 20 Crypt,Bone Chest,84,MMM
2023-02-13,Rainblade,Level 20 Crypt,Infernal Chest,84,MMM
2023-02-13,Sir RES,Level 15 Crypt,Infernal Chest,17,MMM
2023-02-13,Maedrosin,Level 25 Crypt,Bone Chest,275,MMM
2023-02-13,Maedrosin,Level 25 Crypt,Orc Chest,275,MMM
2023-02-13,Maedrosin,Level 20 Crypt,Bone Chest,84,MMM
2023-02-13,Maedrosin,Level 20 Crypt,Orc Chest,84,MMM
2023-02-13,Maedrosin,Level 15 Crypt,Bone Chest,17,MMM
2023-02-13,Maedrosin,Level 15 Crypt,Orc Chest,17,MMM
2023-02-13,Maedrosin,Level 25 Crypt,Bone Chest,275,MMM
2023-02-13,DAJMITU,Authority Rush tournament,Chest of Authority,100,MMM
2023-02-13,Hulk,Level 30 rare Crypt,Rare Dragon Chest,500,MMM
2023-02-13,Hulk,Level 30 rare Crypt,Rare Dragon Chest,500,MMM
2023-02-13,Hulk,Level 30 rare Crypt,Rare Dragon Chest,500,MMM
2023-02-13,ZaCk,Level 15 Crypt,Orc Chest,17,MMM
2023-02-13,Hulk,Level 30 rare Crypt,Rare Dragon Chest,500,MMM
2023-02-13,Thoth,Level 20 Crypt,Cobra Chest,84,MMM
2023-02-13,DAJMITU,Authority Rush tournament,Chest of Authority,100,MMM
2023-02-13,Hulk,Level 30 rare Crypt,Rare Dragon Chest,500,MMM
2023-02-13,Hulk,Level 30 rare Crypt,Rare Dragon Chest,500,MMM
2023-02-13,Xena,Level 10 Crypt,Infernal Chest,4,MMM
2023-02-13,Xena,Level 15 epic Crypt,Abandoned Chest,34,MMM
2023-02-13,Xena,Level 10 Crypt,Fire Chest,4,MMM
2023-02-13,Xena,Level 15 epic Crypt,Harpy Chest,34,MMM
2023-02-13,Hulk,Level 30 rare Crypt,Rare Dragon Chest,500,MMM
2023-02-13,Thoth,Level 20 Crypt,Cobra Chest,84,MMM
2023-02-13,Hulk,Level 30 rare Crypt,Rare Dragon Chest,500,MMM
2023-02-13,Xena,Level 10 Crypt,Forgotten Chest,4,MMM
2023-02-13,Hulk,Level 30 rare Crypt,Rare Dragon Chest,500,MMM
2023-02-13,Xena,Level 20 Crypt,Barbarian Chest,84,MMM
2023-02-13,Kerilir,Level 20 Crypt,Cobra Chest,84,MMM
2023-02-13,Xena,Level 10 Crypt,Stone Chest,4,MMM
2023-02-13,Xena,Level 20 Crypt,Bone Chest,84,MMM
2023-02-13,Xena,Level 20 rare Crypt,Rare Dragon Chest,126,MMM
2023-02-13,Xena,Level 15 rare Crypt,Rare Dragon Chest,25,MMM
2023-02-13,Hulk,Level 25 Crypt,Stone Chest,275,MMM
2023-02-13,Sailv,Level 10 Crypt,Elegant Chest,4,MMM
2023-02-13,D23,Level 15 Citadel,Elven Citadel Chest,17,MMM
2023-02-13,Sailv,Level 20 Crypt,Cobra Chest,84,MMM
2023-02-13,Hulk,Level 25 Crypt,Stone Chest,275,MMM
2023-02-13,DAJMITU,Authority Rush tournament,Chest of Authority,100,MMM
2023-02-13,D23,Level 20 Crypt,Infernal Chest,84,MMM
2023-02-13,Mabrinad,Level 20 Crypt,Bone Chest,84,MMM
2023-02-13,D23,Level 15 Crypt,Sand Chest,17,MMM
2023-02-13,Sailv,Level 10 Crypt,Stone Chest,4,MMM
2023-02-13,D23,Level 25 Citadel,Elven Citadel Chest,275,MMM
2023-02-13,D23,Level 10 Crypt,Infernal Chest,4,MMM
2023-02-13,Sailv,Level 20 Crypt,Mayan Chest,84,MMM
2023-02-13,D23,Level 10 Crypt,Sand Chest,4,MMM
2023-02-13,D23,Level 10 Crypt,Forgotten Chest,4,MMM
2023-02-13,Hulk,Level 25 Crypt,Stone Chest,275,MMM
2023-02-13,D23,Level 20 Citadel,Elven Citadel Chest,84,MMM
2023-02-13,D23,Level 15 Crypt,Gnome Workshop Chest,17,MMM
2023-02-13,Hulk,Level 25 Crypt,Infernal Chest,275,MMM
2023-02-13,Marvi,Level 10 Crypt,Infernal Chest,4,MMM
2023-02-13,Xena,Level 5 Crypt,Gnome Workshop Chest,1,MMM
2023-02-13,Xena,Level 20 Crypt,Forgotten Chest,84,MMM
2023-02-13,Marvi,Level 10 Crypt,Bone Chest,4,MMM
2023-02-13,Sailv,Level 10 Crypt,Bone Chest,4,MMM
2023-02-13,Xena,Level 5 Crypt,Infernal Chest,1,MMM
2023-02-13,Xena,Level 20 Crypt,Bone Chest,84,MMM
2023-02-13,DAJMITU,Authority Rush tournament,Chest of Authority,100,MMM
2023-02-13,Legolas,Arena,Gladiator's Chest,2,MMM
2023-02-13,Marvi,Level 10 Crypt,Infernal Chest,4,MMM
2023-02-13,Thoth,Level 20 epic Crypt,Harpy Chest,168,MMM
2023-02-13,Marvi,Level 15 Crypt,Infernal Chest,17,MMM
2023-02-13,Marvi,Level 10 Crypt,Barbarian Chest,4,MMM
2023-02-13,Rudolf,Level 20 Crypt,Gnome Workshop Chest,84,MMM
2023-02-13,DAJMITU,Level 20 Citadel,Elven Citadel Chest,84,MMM
2023-02-13,Lanfir,Level 5 Crypt,Gnome Workshop Chest,1,MMM
2023-02-13,DAJMITU,Level 20 Citadel,Elven Citadel Chest,84,MMM
2023-02-13,Lanfir,Level 5 Crypt,Cobra Chest,1,MMM
2023-02-13,DAJMITU,Level 20 Citadel,Elven Citadel Chest,84,MMM
2023-02-13,Brandemet,Authority Rush tournament,Chest of Authority,100,MMM
2023-02-13,Xena,Level 15 rare Crypt,Rare Dragon Chest,25,MMM
2023-02-13,Thoth,Level 20 Crypt,Cobra Chest,84,MMM
2023-02-13,Xena,Level 20 Crypt,Infernal Chest,84,MMM
2023-02-13,Marvi,Level 20 epic Crypt,Cobalt Chest,168,MMM
2023-02-13,Brandemet,Authority Rush tournament,Chest of Authority,100,MMM
2023-02-13,Marvi,Level 10 Crypt,Elegant Chest,4,MMM
2023-02-13,Marvi,Level 5 Crypt,Mayan Chest,1,MMM
2023-02-13,Marvi,Level 15 Crypt,Orc Chest,17,MMM
2023-02-13,Sailv,Level 15 Crypt,Orc Chest,17,MMM
2023-02-13,Brandemet,Level 10 rare Crypt,Rare Dragon Chest,6,MMM
2023-02-13,Xena,Authority Rush tournament,Chest of Authority,100,MMM
2023-02-13,Xena,Level 20 Citadel,Cursed Citadel Chest,84,MMM
2023-02-13,Brandemet,Level 20 rare Crypt,Rare Dragon Chest,126,MMM
2023-02-13,Marvi,Level 15 Crypt,Orc Chest,17,MMM
2023-02-13,Xena,Level 15 rare Crypt,Rare Dragon Chest,25,MMM
2023-02-13,Brandemet,Level 10 Crypt,Cobra Chest,4,MMM
2023-02-13,Xena,Level 20 Citadel,Cursed Citadel Chest,84,MMM
2023-02-13,Marvi,Level 20 Crypt,Infernal Chest,84,MMM
2023-02-13,Brandemet,Level 20 rare Crypt,Rare Dragon Chest,126,MMM
2023-02-13,Xena,Level 17 heroic Monster,Elven Chest,35,MMM
2023-02-13,Marvi,Level 20 Crypt,Cobra Chest,84,MMM
2023-02-13,Marvi,Level 20 Crypt,Barbarian Chest,84,MMM
2023-02-13,Thoth,Arena,Gladiator's Chest,2,MMM
2023-02-13,Marvi,Level 15 Crypt,Gnome Workshop Chest,17,MMM
2023-02-13,Brandemet,Level 20 Crypt,Infernal Chest,84,MMM
2023-02-13,Marvi,Level 20 Crypt,Barbarian Chest,84,MMM
2023-02-13,Thoth,Level 25 Crypt,Cobra Chest,275,MMM
2023-02-13,Marvi,Level 10 Crypt,Cobra Chest,4,MMM
2023-02-13,Brandemet,Level 10 Crypt,Stone Chest,4,MMM
2023-02-13,Brandemet,Level 15 Crypt,Infernal Chest,17,MMM
2023-02-13,Thoth,Level 20 Crypt,Cobra Chest,84,MMM
2023-02-13,Sir RES,Level 10 Crypt,Infernal Chest,4,MMM
2023-02-13,Black Mamba,Level 20 Crypt,Barbarian Chest,84,MMM
2023-02-13,Black Mamba,Level 25 Crypt,Bone Chest,275,MMM
2023-02-13,Black Mamba,Level 20 Crypt,Cobra Chest,84,MMM
2023-02-13,Sir RES,Level 10 Crypt,Infernal Chest,4,MMM
2023-02-13,Sir RES,Level 10 Crypt,Forgotten Chest,4,MMM
2023-02-13,Black Mamba,Level 20 Crypt,Mayan Chest,84,MMM
2023-02-13,Sir RES,Level 15 Crypt,Gnome Workshop Chest,17,MMM
2023-02-13,Black Mamba,Level 20 epic Crypt,Scorpion Chest,168,MMM
2023-02-13,Black Mamba,Level 20 epic Crypt,Scarab Chest,168,MMM
2023-02-13,Feli,Level 15 Citadel,Elven Citadel Chest,17,MMM
2023-02-13,Thoth,Level 20 Crypt,Cobra Chest,84,MMM
2023-02-13,Feli,Level 20 Crypt,Mayan Chest,84,MMM
2023-02-13,Black Mamba,Level 20 epic Crypt,Abandoned Chest,168,MMM
2023-02-13,Viper I,Level 15 epic Crypt,Priest's Chest,34,MMM
2023-02-13,Eydaen,Level 15 Crypt,Stone Chest,17,MMM
2023-02-13,Thoth,Level 20 Crypt,Orc Chest,84,MMM
2023-02-13,Viper I,Level 15 rare Crypt,Rare Dragon Chest,25,MMM
2023-02-13,Viper I,Level 15 Crypt,Barbarian Chest,17,MMM
2023-02-13,Thoth,Level 10 Crypt,Forgotten Chest,4,MMM
2023-02-13,Viper I,Level 10 Crypt,Barbarian Chest,4,MMM
2023-02-13,Black Mamba,Level 20 epic Crypt,Scorpion Chest,168,MMM
2023-02-13,Luciditee,Level 20 Crypt,Barbarian Chest,84,MMM
2023-02-13,Luciditee,Level 20 Crypt,Barbarian Chest,84,MMM
2023-02-13,Viper I,Level 15 Crypt,Orc Chest,17,MMM
2023-02-13,Luciditee,Level 20 Crypt,Barbarian Chest,84,MMM
2023-02-13,Black Mamba,Level 20 epic Crypt,Minotaur Chest,168,MMM
2023-02-13,Luciditee,Level 20 Crypt,Barbarian Chest,84,MMM
2023-02-13,Black Mamba,Level 20 epic Crypt,Abandoned Chest,168,MMM
2023-02-13,Sir RES,Level 15 Crypt,Gnome Workshop Chest,17,MMM
2023-02-13,Brandemet,Level 20 Crypt,Cobra Chest,84,MMM
2023-02-13,Sir RES,Level 10 Crypt,Bone Chest,4,MMM
2023-02-13,Sir RES,Level 10 Crypt,Sand Chest,4,MMM
2023-02-13,Eydaen,Level 10 Crypt,Mayan Chest,4,MMM
2023-02-13,Sir RES,Level 20 rare Crypt,Rare Dragon Chest,126,MMM
2023-02-13,Amginir,Level 15 Citadel,Elven Citadel Chest,17,MMM
2023-02-13,ZaCk,Level 10 Crypt,Bone Chest,4,MMM
2023-02-13,Sir RES,Level 10 Crypt,Stone Chest,4,MMM
2023-02-13,Brandemet,Level 20 Citadel,Cursed Citadel Chest,84,MMM
2023-02-13,Sailv,Level 10 Crypt,Elegant Chest,4,MMM
2023-02-13,Eydaen,Level 10 Crypt,Forgotten Chest,4,MMM
2023-02-13,Sir RES,Level 15 Crypt,Bone Chest,17,MMM
2023-02-13,Brandemet,Level 25 Citadel,Cursed Citadel Chest,275,MMM
2023-02-13,Amginir,Level 20 rare Crypt,Rare Dragon Chest,126,MMM
2023-02-13,Amginir,Level 15 rare Crypt,Rare Dragon Chest,25,MMM
2023-02-13,ZaCk,Level 20 Citadel,Elven Citadel Chest,84,MMM
2023-02-13,Amginir,Level 16 heroic Monster,Undead Chest,30,MMM
2023-02-13,Amginir,Level 20 Crypt,Barbarian Chest,84,MMM
2023-02-13,Eydaen,Level 5 Crypt,Barbarian Chest,1,MMM
2023-02-13,Amginir,Level 25 Crypt,Barbarian Chest,275,MMM
2023-02-13,Eydaen,Level 15 Crypt,Sand Chest,17,MMM
2023-02-13,Amginir,Level 15 Citadel,Elven Citadel Chest,17,MMM
2023-02-13,ZaCk,Level 20 Crypt,Sand Chest,84,MMM
2023-02-13,Thoth,Level 20 Crypt,Cobra Chest,84,MMM
2023-02-13,Amginir,Level 10 Citadel,Elven Citadel Chest,4,MMM
2023-02-13,Turbrimir,Level 15 Crypt,Forgotten Chest,17,MMM
2023-02-13,Sailv,Level 15 Crypt,Forgotten Chest,17,MMM
2023-02-13,Brandemet,Level 25 Citadel,Cursed Citadel Chest,275,MMM
2023-02-13,Thoth,Level 20 Crypt,Orc Chest,84,MMM
2023-02-13,Turbrimir,Level 10 Crypt,Infernal Chest,4,MMM
2023-02-13,Sailv,Level 10 Crypt,Fire Chest,4,MMM
2023-02-13,Sailv,Level 20 Crypt,Fire Chest,84,MMM
2023-02-13,Turbrimir,Level 10 Crypt,Forgotten Chest,4,MMM
2023-02-13,Sailv,Level 20 Crypt,Bone Chest,84,MMM
2023-02-13,Turbrimir,Level 10 Crypt,Mayan Chest,4,MMM
2023-02-13,Eydaen,Level 15 Crypt,Stone Chest,17,MMM
2023-02-13,Lanfir,Level 5 Crypt,Sand Chest,1,MMM
2023-02-13,Sailv,Level 10 rare Crypt,Rare Dragon Chest,6,MMM
2023-02-13,Thoth,Level 20 epic Crypt,Turtle Chest,168,MMM
2023-02-13,Sailv,Level 15 epic Crypt,Minotaur Chest,34,MMM
2023-02-13,Mr BaCk,Level 20 Crypt,Orc Chest,84,MMM
2023-02-13,Turbrimir,Level 5 Crypt,Infernal Chest,1,MMM
2023-02-13,Sailv,Level 20 rare Crypt,Rare Dragon Chest,126,MMM
2023-02-13,Turbrimir,Level 10 Crypt,Fire Chest,4,MMM
2023-02-13,Sailv,Level 5 Crypt,Gnome Workshop Chest,1,MMM
2023-02-13,Sailv,Level 15 Crypt,Fire Chest,17,MMM
2023-02-13,Amginir,Level 20 Citadel,Cursed Citadel Chest,84,MMM
2023-02-13,Sailv,Level 5 Crypt,Elegant Chest,1,MMM
2023-02-13,Mighty Forger,Level 20 rare Crypt,Rare Dragon Chest,126,MMM
2023-02-13,Sir Chthulhu I,Level 10 Crypt,Gnome Workshop Chest,4,MMM
2023-02-13,Lanfir,Level 5 Crypt,Mayan Chest,1,MMM
2023-02-13,Lanfir,Level 5 Crypt,Fire Chest,1,MMM
2023-02-13,Turbrimir,Level 15 Crypt,Bone Chest,17,MMM
2023-02-13,Mighty Forger,Level 25 Crypt,Stone Chest,275,MMM
2023-02-13,Amginir,Level 25 Citadel,Cursed Citadel Chest,275,MMM
2023-02-13,Lanfir,Level 5 Crypt,Sand Chest,1,MMM
2023-02-13,Silverblade,Level 15 epic Crypt,Abandoned Chest,34,MMM
2023-02-13,Lanfir,Level 5 Crypt,Sand Chest,1,MMM
2023-02-13,DarkAngel,Level 25 Crypt,Sand Chest,275,MMM
2023-02-13,DarkAngel,Level 20 Crypt,Barbarian Chest,84,MMM
2023-02-13,Brandemet,Level 15 rare Crypt,Rare Dragon Chest,25,MMM
2023-02-13,Eydaen,Level 15 Crypt,Fire Chest,17,MMM
2023-02-13,Kerilir,Level 20 Crypt,Cobra Chest,84,MMM
2023-02-13,Silverblade,Level 10 Crypt,Orc Chest,4,MMM
2023-02-13,Brandemet,Level 25 Citadel,Cursed Citadel Chest,275,MMM
2023-02-13,Lanfir,Level 5 Crypt,Infernal Chest,1,MMM
2023-02-13,DarkAngel,Level 15 rare Crypt,Rare Dragon Chest,25,MMM
2023-02-13,Silverblade,Level 15 Citadel,Elven Citadel Chest,17,MMM
2023-02-13,Eydaen,Level 15 Crypt,Gnome Workshop Chest,17,MMM
2023-02-13,Diabolik,Level 15 Citadel,Elven Citadel Chest,17,MMM
2023-02-13,Thorn,Level 20 Crypt,Mayan Chest,84,MMM
2023-02-13,Thorn,Level 20 Crypt,Mayan Chest,84,MMM
2023-02-13,Silverblade,Level 15 Citadel,Elven Citadel Chest,17,MMM
2023-02-13,Thorn,Level 20 Crypt,Mayan Chest,84,MMM
2023-02-13,Feli,Level 20 Crypt,Bone Chest,84,MMM
2023-02-13,Thorn,Level 20 Crypt,Barbarian Chest,84,MMM
2023-02-13,Brandemet,Authority Rush tournament,Chest of Authority,100,MMM
2023-02-13,Diabolik,Level 15 Crypt,Fire Chest,17,MMM
2023-02-13,Bad FutherMucker,Level 20 Crypt,Sand Chest,84,MMM
2023-02-13,Diabolik,Level 15 Crypt,Mayan Chest,17,MMM
2023-02-13,Immortal,Level 15 epic Crypt,Braided Chest,34,MMM
2023-02-13,Marvi,Authority Rush tournament,Chest of Authority,100,MMM
2023-02-13,Feli,Level 15 Citadel,Elven Citadel Chest,17,MMM
2023-02-13,Immortal,Level 15 epic Crypt,Abandoned Chest,34,MMM
2023-02-13,Feli,Level 15 Citadel,Elven Citadel Chest,17,MMM
2023-02-13,Feli,Level 25 Crypt,Sand Chest,275,MMM
2023-02-13,Immortal,Level 10 Crypt,Barbarian Chest,4,MMM
2023-02-13,Marvi,Authority Rush tournament,Chest of Authority,100,MMM
2023-02-13,Diabolik,Level 10 Crypt,Orc Chest,4,MMM
2023-02-13,Lanfir,Level 5 Crypt,Bone Chest,1,MMM
2023-02-13,Marvi,Authority Rush tournament,Chest of Authority,100,MMM
2023-02-13,Hulk,Clan wealth,Common Chest of Wealth,0,MMM
2023-02-13,Hulk,Clan wealth,Uncommon Chest of Wealth,0,MMM
2023-02-13,Hulk,Clan wealth,Rare Chest of Wealth,0,MMM
2023-02-13,Hulk,Clan wealth,Epic Chest of Wealth,0,MMM
2023-02-13,Eydaen,Level 5 Crypt,Forgotten Chest,1,MMM
2023-02-13,Marvi,Authority Rush tournament,Chest of Authority,100,MMM
2023-02-13,Marvi,Authority Rush tournament,Chest of Authority,100,MMM
2023-02-13,Kerilir,Level 20 Crypt,Cobra Chest,84,MMM
2023-02-13,Rhodry,Level 25 Crypt,Stone Chest,275,MMM
2023-02-13,Kerilir,Level 20 Crypt,Cobra Chest,84,MMM
2023-02-13,Foolish Mortal,Level 10 Crypt,Stone Chest,4,MMM
2023-02-13,Sailv,Level 15 Crypt,Elegant Chest,17,MMM
2023-02-13,Eydaen,Level 15 Crypt,Gnome Workshop Chest,17,MMM
2023-02-13,Foolish Mortal,Level 15 Crypt,Bone Chest,17,MMM
2023-02-13,Eydaen,Level 10 Citadel,Elven Citadel Chest,4,MMM
2023-02-13,Xan,Arena,Gladiator's Chest,2,MMM
2023-02-13,Foolish Mortal,Level 20 Crypt,Barbarian Chest,84,MMM
2023-02-13,Foolish Mortal,Level 15 Crypt,Bone Chest,17,MMM
2023-02-13,Eydaen,Level 5 Crypt,Mayan Chest,1,MMM
2023-02-13,Rhodry,Level 30 Citadel,Elven Citadel Chest,380,MMM
2023-02-13,Foolish Mortal,Level 15 Crypt,Stone Chest,17,MMM
2023-02-13,Immortal,Level 15 Crypt,Gnome Workshop Chest,17,MMM
2023-02-13,Foolish Mortal,Level 15 Crypt,Bone Chest,17,MMM
2023-02-13,Immortal,Level 15 epic Crypt,Cobalt Chest,34,MMM
2023-02-13,Immortal,Level 10 Crypt,Orc Chest,4,MMM
2023-02-13,Rhodry,Level 25 Crypt,Stone Chest,275,MMM
2023-02-13,Foolish Mortal,Level 15 Crypt,Infernal Chest,17,MMM
2023-02-13,Immortal,Level 10 Crypt,Forgotten Chest,4,MMM
2023-02-13,Foolish Mortal,Level 15 Crypt,Infernal Chest,17,MMM
2023-02-13,Rhodry,Level 25 Crypt,Stone Chest,275,MMM
2023-02-13,Foolish Mortal,Level 15 Crypt,Bone Chest,17,MMM
2023-02-13,Immortal,Level 10 Crypt,Barbarian Chest,4,MMM
2023-02-13,Xan,Level 15 Citadel,Elven Citadel Chest,17,MMM
2023-02-13,Foolish Mortal,Level 15 Crypt,Stone Chest,17,MMM
2023-02-13,Rhodry,Level 25 Crypt,Stone Chest,275,MMM
2023-02-13,Foolish Mortal,Level 15 Crypt,Bone Chest,17,MMM
2023-02-13,Foolish Mortal,Level 15 Crypt,Fire Chest,17,MMM
2023-02-13,Sir Chthulhu I,Level 10 Crypt,Cobra Chest,4,MMM
2023-02-13,Uhtred,Level 25 epic Crypt,Harpy Chest,550,MMM
2023-02-13,Rhodry,Level 25 Crypt,Stone Chest,275,MMM
2023-02-13,Foolish Mortal,Level 15 Crypt,Orc Chest,17,MMM
2023-02-13,Sir Chthulhu I,Level 10 Citadel,Elven Citadel Chest,4,MMM
2023-02-13,Sir Chthulhu I,Level 10 Citadel,Elven Citadel Chest,4,MMM
2023-02-13,Bad FutherMucker,Level 20 Crypt,Mayan Chest,84,MMM
2023-02-13,Foolish Mortal,Level 15 Crypt,Stone Chest,17,MMM
2023-02-13,Feli,Level 15 Citadel,Elven Citadel Chest,17,MMM
2023-02-13,Foolish Mortal,Level 15 Crypt,Elegant Chest,17,MMM
2023-02-13,Feli,Level 20 Crypt,Stone Chest,84,MMM
2023-02-13,Foolish Mortal,Level 15 Crypt,Sand Chest,17,MMM
2023-02-13,Gradog,Level 25 Crypt,Fire Chest,275,MMM
2023-02-13,Gradog,Level 25 Crypt,Sand Chest,275,MMM
2023-02-13,Foolish Mortal,Level 15 Crypt,Elegant Chest,17,MMM
2023-02-13,Foolish Mortal,Level 15 Crypt,Orc Chest,17,MMM
2023-02-13,Foolish Mortal,Level 15 Crypt,Fire Chest,17,MMM
2023-02-13,DarkAngel,Level 5 Crypt,Fire Chest,1,MMM
2023-02-13,Foolish Mortal,Level 15 Crypt,Barbarian Chest,17,MMM
2023-02-13,Hulk,Authority Rush tournament,Chest of Authority,100,MMM
2023-02-13,Foolish Mortal,Level 15 Crypt,Bone Chest,17,MMM
2023-02-13,Foolish Mortal,Level 15 Crypt,Fire Chest,17,MMM
2023-02-13,DarkAngel,Level 10 Crypt,Elegant Chest,4,MMM
2023-02-13,Foolish Mortal,Level 15 Crypt,Elegant Chest,17,MMM
2023-02-13,Feli,Level 20 Citadel,Elven Citadel Chest,84,MMM
2023-02-13,Lerinad,Level 15 Crypt,Orc Chest,17,MMM
2023-02-13,Xan,Level 15 Crypt,Orc Chest,17,MMM
2023-02-13,Foolish Mortal,Level 15 Crypt,Gnome Workshop Chest,17,MMM
2023-02-13,Foolish Mortal,Level 15 Crypt,Mayan Chest,17,MMM
2023-02-13,Genghis Khan,Level 5 Crypt,Stone Chest,1,MMM
2023-02-13,Foolish Mortal,Level 15 Crypt,Stone Chest,17,MMM
2023-02-13,Xan,Level 15 Citadel,Elven Citadel Chest,17,MMM
2023-02-13,Genghis Khan,Level 5 Crypt,Stone Chest,1,MMM
2023-02-13,Foolish Mortal,Level 15 Crypt,Infernal Chest,17,MMM
2023-02-13,Foolish Mortal,Level 15 Crypt,Bone Chest,17,MMM
2023-02-13,DarkAngel,Level 15 epic Crypt,Scorpion Chest,34,MMM
2023-02-13,Lerinad,Level 20 Crypt,Mayan Chest,84,MMM
2023-02-13,Genghis Khan,Level 25 Crypt,Cobra Chest,275,MMM
2023-02-13,Genghis Khan,Level 10 Citadel,Elven Citadel Chest,4,MMM
2023-02-13,DarkAngel,Level 10 Crypt,Infernal Chest,4,MMM
2023-02-13,Kerilir,Level 15 Crypt,Cobra Chest,17,MMM
2023-02-13,Mr BaCk,Level 20 Crypt,Sand Chest,84,MMM
2023-02-13,DarkAngel,Level 15 epic Crypt,Titansteel Chest,34,MMM
2023-02-13,Lerinad,Level 20 Crypt,Mayan Chest,84,MMM
2023-02-13,Xan,Level 15 Crypt,Fire Chest,17,MMM
2023-02-13,DarkAngel,Level 15 Crypt,Infernal Chest,17,MMM
2023-02-13,Foolish Mortal,Level 15 Crypt,Cobra Chest,17,MMM
2023-02-13,Foolish Mortal,Level 15 Crypt,Barbarian Chest,17,MMM
2023-02-13,Mazura,Level 10 Crypt,Barbarian Chest,4,MMM
2023-02-13,Foolish Mortal,Level 15 Crypt,Barbarian Chest,17,MMM
2023-02-13,DarkAngel,Level 10 Crypt,Elegant Chest,4,MMM
2023-02-13,Lerinad,Level 20 Crypt,Mayan Chest,84,MMM
2023-02-13,Dugul,Level 15 rare Crypt,Rare Dragon Chest,25,MMM
2023-02-13,Brandemet,Level 25 Citadel,Cursed Citadel Chest,275,MMM
2023-02-13,Genghis Khan,Level 10 Crypt,Mayan Chest,4,MMM
2023-02-13,Xan,Level 15 Crypt,Barbarian Chest,17,MMM
2023-02-13,Brandemet,Level 10 Citadel,Elven Citadel Chest,4,MMM
2023-02-13,Foolish Mortal,Level 20 Crypt,Barbarian Chest,84,MMM
2023-02-13,Foolish Mortal,Level 20 Crypt,Elegant Chest,84,MMM
2023-02-13,Xan,Level 15 Crypt,Stone Chest,17,MMM
2023-02-13,Brandemet,Level 5 Crypt,Bone Chest,1,MMM
2023-02-13,Foolish Mortal,Level 20 Crypt,Forgotten Chest,84,MMM
2023-02-13,Brandemet,Level 25 Citadel,Cursed Citadel Chest,275,MMM
2023-02-13,Genghis Khan,Level 10 Crypt,Sand Chest,4,MMM
2023-02-13,Genghis Khan,Level 5 Crypt,Gnome Workshop Chest,1,MMM
2023-02-13,Brandemet,Level 15 rare Crypt,Rare Dragon Chest,25,MMM
2023-02-13,Brandemet,Level 20 Citadel,Cursed Citadel Chest,84,MMM
2023-02-13,Kerilir,Level 15 Crypt,Cobra Chest,17,MMM
2023-02-13,Rebellion,Level 15 Citadel,Elven Citadel Chest,17,MMM
2023-02-13,Genghis Khan,Level 10 Citadel,Elven Citadel Chest,4,MMM
2023-02-13,Foolish Mortal,Level 20 rare Crypt,Rare Dragon Chest,126,MMM
2023-02-13,Rebellion,Level 20 Citadel,Cursed Citadel Chest,84,MMM
2023-02-13,Xan,Level 15 Citadel,Elven Citadel Chest,17,MMM
2023-02-13,Foolish Mortal,Level 20 rare Crypt,Rare Dragon Chest,126,MMM
2023-02-13,Rebellion,Level 10 Crypt,Sand Chest,4,MMM
2023-02-13,Quick,Level 10 Crypt,Fire Chest,4,MMM
2023-02-13,Vlad the Impaler,Level 20 Crypt,Orc Chest,84,MMM
2023-02-13,Rebellion,Level 5 Crypt,Fire Chest,1,MMM
2023-02-13,Silverblade,Level 15 rare Crypt,Rare Dragon Chest,25,MMM
2023-02-13,Genghis Khan,Level 10 Crypt,Orc Chest,4,MMM
2023-02-13,Rebellion,Level 10 Crypt,Sand Chest,4,MMM
2023-02-13,Genghis Khan,Level 5 Crypt,Cobra Chest,1,MMM
2023-02-13,Genghis Khan,Level 10 Crypt,Stone Chest,4,MMM
2023-02-13,Kirimand,Arena,Gladiator's Chest,2,MMM
2023-02-13,Lerinad,Level 15 rare Crypt,Rare Dragon Chest,25,MMM
2023-02-13,Rebellion,Level 20 Crypt,Sand Chest,84,MMM
2023-02-13,Genghis Khan,Level 5 Crypt,Stone Chest,1,MMM
2023-02-13,Foolish Mortal,Level 20 rare Crypt,Rare Dragon Chest,126,MMM
2023-02-13,Vlad the Impaler,Level 20 Crypt,Stone Chest,84,MMM
2023-02-13,Brandemet,Level 5 Crypt,Cobra Chest,1,MMM
2023-02-13,Quick,Level 10 Crypt,Bone Chest,4,MMM
2023-02-13,Brandemet,Level 20 epic Crypt,Trillium Chest,168,MMM
2023-02-13,Legolas,Level 25 Crypt,Bone Chest,275,MMM
2023-02-13,Legolas,Level 25 Crypt,Forgotten Chest,275,MMM
2023-02-13,Brandemet,Level 25 Citadel,Cursed Citadel Chest,275,MMM
2023-02-13,Brandemet,Level 25 epic Crypt,Trillium Chest,550,MMM
2023-02-13,Quick,Level 10 Crypt,Bone Chest,4,MMM
2023-02-13,Brandemet,Level 5 Crypt,Infernal Chest,1,MMM
2023-02-13,Lerinad,Level 15 rare Crypt,Rare Dragon Chest,25,MMM
2023-02-13,Vlad the Impaler,Level 10 Crypt,Orc Chest,4,MMM
2023-02-13,Dugul,Level 15 epic Crypt,Cobalt Chest,34,MMM
2023-02-13,Brandemet,Level 25 epic Crypt,Trillium Chest,550,MMM
2023-02-13,Vlad the Impaler,Level 15 Crypt,Mayan Chest,17,MMM
2023-02-13,Quick,Level 10 Crypt,Orc Chest,4,MMM
2023-02-13,Kerilir,Level 15 Crypt,Cobra Chest,17,MMM
2023-02-13,Quick,Level 10 Crypt,Fire Chest,4,MMM
2023-02-13,Sir RES,Level 10 Crypt,Infernal Chest,4,MMM
2023-02-13,Mighty Forger,Level 15 Crypt,Sand Chest,17,MMM
2023-02-13,Hulk,Authority Rush tournament,Chest of Authority,100,MMM
2023-02-13,Hulk,Authority Rush tournament,Chest of Authority,100,MMM
2023-02-13,Hulk,Authority Rush tournament,Chest of Authority,100,MMM
2023-02-13,Hulk,Authority Rush tournament,Chest of Authority,100,MMM
2023-02-13,Hulk,Authority Rush tournament,Chest of Authority,100,MMM
2023-02-13,Hulk,Authority Rush tournament,Chest of Authority,100,MMM
2023-02-13,Hulk,Authority Rush tournament,Chest of Authority,100,MMM
2023-02-13,Sir Chthulhu I,Level 10 Citadel,Elven Citadel Chest,4,MMM
2023-02-13,Sir Chthulhu I,Level 10 Citadel,Elven Citadel Chest,4,MMM
2023-02-13,Brandemet,Level 10 Crypt,Infernal Chest,4,MMM
2023-02-13,Ognisty Smok,Level 10 Crypt,Bone Chest,4,MMM
2023-02-13,Brandemet,Level 20 epic Crypt,Trillium Chest,168,MMM
2023-02-13,Brandemet,Level 20 Citadel,Cursed Citadel Chest,84,MMM
2023-02-13,Brandemet,Level 25 Crypt,Bone Chest,275,MMM
2023-02-13,Ognisty Smok,Level 10 Crypt,Forgotten Chest,4,MMM
2023-02-13,Maedrosin,Level 15 Crypt,Orc Chest,17,MMM
2023-02-13,Brandemet,Level 5 Crypt,Stone Chest,1,MMM
2023-02-13,Mingo 2,Level 20 Citadel,Elven Citadel Chest,84,MMM
2023-02-13,Ognisty Smok,Level 10 Crypt,Orc Chest,4,MMM
2023-02-13,Mighty Forger,Level 20 Crypt,Orc Chest,84,MMM
2023-02-13,Mighty Forger,Arena,Gladiator's Chest,2,MMM
2023-02-13,Brandemet,Level 20 Crypt,Cobra Chest,84,MMM
2023-02-13,Ognisty Smok,Level 5 Crypt,Stone Chest,1,MMM
2023-02-13,Mingo 2,Level 15 epic Crypt,Ancient Bastion Chest,34,MMM
2023-02-13,Mingo 2,Level 15 Crypt,Stone Chest,17,MMM
2023-02-13,Sailv,Level 15 Crypt,Bone Chest,17,MMM
2023-02-13,Sailv,Level 5 Crypt,Gnome Workshop Chest,1,MMM
2023-02-13,Xan,Level 15 Citadel,Elven Citadel Chest,17,MMM
2023-02-13,Brandemet,Level 25 Citadel,Elven Citadel Chest,275,MMM
2023-02-13,Dragon Armor,Level 15 Crypt,Gnome Workshop Chest,17,MMM
2023-02-13,Dragon Armor,Level 15 Crypt,Infernal Chest,17,MMM
2023-02-13,Vlad the Impaler,Level 15 Crypt,Orc Chest,17,MMM
2023-02-13,Brandemet,Level 10 Crypt,Cobra Chest,4,MMM
2023-02-13,Dragon Armor,Level 15 Crypt,Sand Chest,17,MMM
2023-02-13,Dragon Armor,Level 15 Crypt,Forgotten Chest,17,MMM
2023-02-13,Dragon Armor,Level 15 Crypt,Cobra Chest,17,MMM
2023-02-13,Sailv,Level 10 Crypt,Bone Chest,4,MMM
2023-02-13,Sailv,Level 10 Crypt,Sand Chest,4,MMM
2023-02-13,Sailv,Level 5 Crypt,Barbarian Chest,1,MMM
2023-02-13,Brandemet,Level 25 Citadel,Cursed Citadel Chest,275,MMM
2023-02-13,Fire Armor,Level 15 Crypt,Infernal Chest,17,MMM
2023-02-13,Fire Armor,Level 15 Crypt,Infernal Chest,17,MMM
2023-02-13,Muradin Bronzebeard,Level 20 Crypt,Elegant Chest,84,MMM
2023-02-13,Fire Armor,Level 15 Crypt,Infernal Chest,17,MMM
2023-02-13,Fire Armor,Level 15 Crypt,Cobra Chest,17,MMM
2023-02-13,Fire Armor,Level 15 Crypt,Bone Chest,17,MMM
2023-02-13,Sailv,Level 10 Crypt,Elegant Chest,4,MMM
2023-02-13,Brandemet,Level 25 Citadel,Cursed Citadel Chest,275,MMM
2023-02-13,Brandemet,Level 20 Crypt,Bone Chest,84,MMM
2023-02-13,Eydaen,Level 10 Crypt,Bone Chest,4,MMM
2023-02-13,DarkAngel,Level 5 Crypt,Bone Chest,1,MMM
2023-02-13,Muradin Bronzebeard,Level 20 Citadel,Cursed Citadel Chest,84,MMM
2023-02-13,Brandemet,Level 5 Crypt,Bone Chest,1,MMM
2023-02-13,DAJMITU,Level 10 Citadel,Elven Citadel Chest,4,MMM
2023-02-13,DAJMITU,Level 20 Citadel,Elven Citadel Chest,84,MMM
2023-02-13,ZaCk,Level 20 Crypt,Orc Chest,84,MMM
2023-02-13,Muradin Bronzebeard,Level 10 Crypt,Fire Chest,4,MMM
2023-02-13,ZaCk,Level 20 Crypt,Sand Chest,84,MMM
2023-02-13,ZaCk,Level 20 Crypt,Bone Chest,84,MMM
2023-02-13,Brandemet,Level 25 Citadel,Cursed Citadel Chest,275,MMM
2023-02-13,ZaCk,Level 15 Crypt,Sand Chest,17,MMM
2023-02-13,Muradin Bronzebeard,Level 15 Citadel,Elven Citadel Chest,17,MMM
2023-02-13,ZaCk,Level 15 Crypt,Bone Chest,17,MMM
2023-02-13,DarkAngel,Level 10 Crypt,Gnome Workshop Chest,4,MMM
2023-02-13,Brandemet,Level 5 Crypt,Bone Chest,1,MMM
2023-02-13,DarkAngel,Level 10 rare Crypt,Rare Dragon Chest,6,MMM
2023-02-13,Brandemet,Level 5 Crypt,Cobra Chest,1,MMM
2023-02-13,Amginir,Level 10 Citadel,Elven Citadel Chest,4,MMM
2023-02-13,Brandemet,Level 10 rare Crypt,Rare Dragon Chest,6,MMM
2023-02-13,Feli,Level 20 Citadel,Cursed Citadel Chest,84,MMM
2023-02-13,DarkAngel,Level 15 Crypt,Stone Chest,17,MMM
2023-02-13,Feli,Level 20 Citadel,Cursed Citadel Chest,84,MMM
2023-02-13,Brandemet,Level 5 Crypt,Cobra Chest,1,MMM
2023-02-13,Mr BaCk,Level 20 Crypt,Orc Chest,84,MMM
2023-02-13,Mr BaCk,Level 20 epic Crypt,Abandoned Chest,168,MMM
2023-02-13,Muradin Bronzebeard,Level 20 Citadel,Elven Citadel Chest,84,MMM
2023-02-13,Mr BaCk,Level 15 Crypt,Cobra Chest,17,MMM
2023-02-13,Karodor,Level 20 Crypt,Barbarian Chest,84,MMM
2023-02-13,Sailv,Level 15 Crypt,Infernal Chest,17,MMM
2023-02-13,Mr BaCk,Authority Rush tournament,Chest of Authority,100,MMM
2023-02-13,Brandemet,Level 10 Crypt,Cobra Chest,4,MMM
2023-02-13,Xena,Level 20 Citadel,Elven Citadel Chest,84,MMM
2023-02-13,Brandemet,Authority Rush tournament,Chest of Authority,100,MMM
2023-02-13,Xena,Authority Rush tournament,Chest of Authority,100,MMM
2023-02-13,zipkinci,Level 15 Crypt,Stone Chest,17,MMM
2023-02-13,Silverblade,Level 15 rare Crypt,Rare Dragon Chest,25,MMM
2023-02-13,Silverblade,Level 10 rare Crypt,Rare Dragon Chest,6,MMM
2023-02-13,Silverblade,Level 15 rare Crypt,Rare Dragon Chest,25,MMM
2023-02-13,Karodor,Level 15 Crypt,Elegant Chest,17,MMM
2023-02-13,Silverblade,Level 10 Crypt,Fire Chest,4,MMM
2023-02-13,Lirinir,Level 25 epic Crypt,Barbarian Chest,550,MMM
2023-02-13,Silverblade,Level 15 Citadel,Elven Citadel Chest,17,MMM
2023-02-13,Lirinir,Level 25 epic Crypt,Ancient Bastion Chest,550,MMM
2023-02-13,Lirinir,Level 25 Crypt,Bone Chest,275,MMM
2023-02-13,Lirinir,Level 25 Crypt,Bone Chest,275,MMM
2023-02-13,Lirinir,Level 25 Crypt,Sand Chest,275,MMM
2023-02-13,Lirinir,Level 20 Crypt,Sand Chest,84,MMM
2023-02-13,Hulk,Authority Rush tournament,Chest of Authority,100,MMM
2023-02-13,Hulk,Authority Rush tournament,Chest of Authority,100,MMM
2023-02-13,Hulk,Authority Rush tournament,Chest of Authority,100,MMM
2023-02-13,Hulk,Authority Rush tournament,Chest of Authority,100,MMM
2023-02-13,Hulk,Authority Rush tournament,Chest of Authority,100,MMM
2023-02-13,Lirinir,Authority Rush tournament,Chest of Authority,100,MMM
2023-02-13,Lirinir,Authority Rush tournament,Chest of Authority,100,MMM
2023-02-13,StarSailor,Level 20 Crypt,Fire Chest,84,MMM
2023-02-13,Lirinir,Authority Rush tournament,Chest of Authority,100,MMM
2023-02-13,StarSailor,Level 15 Crypt,Fire Chest,17,MMM
2023-02-13,Lirinir,Level 25 Citadel,Elven Citadel Chest,275,MMM
2023-02-13,Sir Chthulhu I,Level 20 Crypt,Infernal Chest,84,MMM
2023-02-13,Sir Chthulhu I,Level 20 Crypt,Stone Chest,84,MMM
2023-02-13,Jeepster,Level 10 Crypt,Barbarian Chest,4,MMM
2023-02-13,Jeepster,Level 15 Crypt,Forgotten Chest,17,MMM
2023-02-13,Feli,Level 20 Crypt,Bone Chest,84,MMM
2023-02-13,Eydaen,Level 15 Crypt,Fire Chest,17,MMM
2023-02-13,Jeepster,Arena,Gladiator's Chest,2,MMM
2023-02-13,Brandemet,Level 10 Crypt,Forgotten Chest,4,MMM
2023-02-13,Brandemet,Level 25 Citadel,Cursed Citadel Chest,275,MMM
2023-02-13,Brandemet,Level 5 Crypt,Elegant Chest,1,MMM
2023-02-13,Karodor,Level 20 Crypt,Fire Chest,84,MMM
2023-02-13,Karodor,Level 15 Crypt,Forgotten Chest,17,MMM
2023-02-13,Sir Chthulhu I,Level 15 epic Crypt,Harpy Chest,34,MMM
2023-02-13,Karodor,Level 25 Citadel,Cursed Citadel Chest,275,MMM
2023-02-13,Brandemet,Level 25 Citadel,Cursed Citadel Chest,275,MMM
2023-02-13,Brandemet,Level 5 Crypt,Fire Chest,1,MMM
2023-02-13,Karodor,Level 20 Citadel,Cursed Citadel Chest,84,MMM
2023-02-13,Rudolf,Level 15 Crypt,Fire Chest,17,MMM
2023-02-13,Feli,Level 15 Citadel,Elven Citadel Chest,17,MMM
2023-02-13,Rudolf,Level 15 Crypt,Gnome Workshop Chest,17,MMM
2023-02-13,Immortal,Level 5 Crypt,Barbarian Chest,1,MMM
2023-02-13,Feli,Level 15 Citadel,Elven Citadel Chest,17,MMM
2023-02-13,Rudolf,Level 20 Citadel,Cursed Citadel Chest,84,MMM
2023-02-13,Rudolf,Level 10 Crypt,Cobra Chest,4,MMM
2023-02-13,Immortal,Level 15 Crypt,Barbarian Chest,17,MMM
2023-02-13,Immortal,Level 10 Crypt,Elegant Chest,4,MMM
2023-02-13,Rudolf,Level 20 rare Crypt,Rare Dragon Chest,126,MMM
2023-02-13,Thorn,Level 20 Crypt,Mayan Chest,84,MMM
2023-02-13,Karodor,Level 25 Citadel,Cursed Citadel Chest,275,MMM
2023-02-13,Rudolf,Level 15 Crypt,Gnome Workshop Chest,17,MMM
2023-02-13,Braveheart,Level 20 Crypt,Gnome Workshop Chest,84,MMM
2023-02-13,Immortal,Level 15 Crypt,Fire Chest,17,MMM
2023-02-13,Brandemet,Level 20 Citadel,Elven Citadel Chest,84,MMM
2023-02-13,Rudolf,Level 15 Crypt,Mayan Chest,17,MMM
2023-02-13,Rudolf,Level 15 Crypt,Mayan Chest,17,MMM
2023-02-13,Immortal,Level 15 Crypt,Infernal Chest,17,MMM
2023-02-13,Rudolf,Level 15 Crypt,Infernal Chest,17,MMM
2023-02-13,Rudolf,Level 15 epic Crypt,Barbarian Chest,34,MMM
2023-02-13,Brandemet,Level 15 rare Crypt,Rare Dragon Chest,25,MMM
2023-02-13,Rudolf,Level 20 Citadel,Cursed Citadel Chest,84,MMM
2023-02-13,Karodor,Level 25 Citadel,Cursed Citadel Chest,275,MMM
2023-02-13,Rudolf,Level 20 Crypt,Orc Chest,84,MMM
2023-02-13,Thorn,Level 20 Crypt,Orc Chest,84,MMM
2023-02-13,Braveheart,Level 15 Crypt,Fire Chest,17,MMM
2023-02-13,Rudolf,Level 20 Crypt,Stone Chest,84,MMM
2023-02-13,Braveheart,Level 15 Crypt,Infernal Chest,17,MMM
2023-02-13,Rudolf,Level 20 Crypt,Forgotten Chest,84,MMM
2023-02-13,Immortal,Level 10 Crypt,Barbarian Chest,4,MMM
2023-02-13,Braveheart,Level 15 Crypt,Infernal Chest,17,MMM
2023-02-13,Immortal,Level 10 Crypt,Orc Chest,4,MMM
2023-02-13,Rudolf,Level 20 Citadel,Cursed Citadel Chest,84,MMM
2023-02-13,Immortal,Level 10 Crypt,Orc Chest,4,MMM
2023-02-13,Braveheart,Level 15 Crypt,Elegant Chest,17,MMM
2023-02-13,Rhodry,Clan wealth,Common Chest of Wealth,0,MMM
2023-02-13,Rhodry,Clan wealth,Uncommon Chest of Wealth,0,MMM
2023-02-13,Rhodry,Clan wealth,Rare Chest of Wealth,0,MMM
2023-02-13,Rhodry,Clan wealth,Epic Chest of Wealth,0,MMM
2023-02-13,Braveheart,Level 15 rare Crypt,Rare Dragon Chest,25,MMM
2023-02-13,Brandemet,Level 10 rare Crypt,Rare Dragon Chest,6,MMM
2023-02-13,Braveheart,Level 15 rare Crypt,Rare Dragon Chest,25,MMM
2023-02-13,Thorn,Authority Rush tournament,Chest of Authority,100,MMM
2023-02-13,Braveheart,Level 15 rare Crypt,Rare Dragon Chest,25,MMM
2023-02-13,Sir RES,Authority Rush tournament,Chest of Authority,100,MMM
2023-02-13,Thorn,Level 20 Crypt,Barbarian Chest,84,MMM
2023-02-13,Brandemet,Level 25 Citadel,Cursed Citadel Chest,275,MMM
2023-02-13,Thorn,Level 20 Crypt,Barbarian Chest,84,MMM
2023-02-13,Braveheart,Level 20 Citadel,Elven Citadel Chest,84,MMM
2023-02-13,Rhodry,Level 30 Citadel,Elven Citadel Chest,380,MMM
2023-02-13,Rhodry,Level 30 Citadel,Elven Citadel Chest,380,MMM
2023-02-13,Rhodry,Level 30 Citadel,Elven Citadel Chest,380,MMM
2023-02-13,Braveheart,Level 20 Citadel,Elven Citadel Chest,84,MMM
2023-02-13,Rhodry,Level 30 Citadel,Elven Citadel Chest,380,MMM
2023-02-13,Feli,Level 20 Citadel,Elven Citadel Chest,84,MMM
2023-02-13,Braveheart,Level 20 Citadel,Elven Citadel Chest,84,MMM
2023-02-13,Brandemet,Level 25 Citadel,Cursed Citadel Chest,275,MMM
2023-02-13,Braveheart,Level 20 rare Crypt,Rare Dragon Chest,126,MMM
2023-02-13,Braveheart,Level 20 rare Crypt,Rare Dragon Chest,126,MMM
2023-02-13,Braveheart,Level 20 rare Crypt,Rare Dragon Chest,126,MMM
2023-02-13,Braveheart,Level 20 rare Crypt,Rare Dragon Chest,126,MMM
2023-02-13,Thorn,Authority Rush tournament,Chest of Authority,100,MMM
2023-02-13,Karodor,Level 20 Citadel,Cursed Citadel Chest,84,MMM
2023-02-13,Braveheart,Level 20 rare Crypt,Rare Dragon Chest,126,MMM
2023-02-13,Thoth,Level 20 Crypt,Cobra Chest,84,MMM
2023-02-13,Karodor,Level 25 Citadel,Cursed Citadel Chest,275,MMM
2023-02-13,Feli,Level 20 Citadel,Elven Citadel Chest,84,MMM
2023-02-13,Feli,Level 20 Citadel,Elven Citadel Chest,84,MMM
2023-02-13,Karodor,Level 25 Citadel,Cursed Citadel Chest,275,MMM
2023-02-13,Braveheart,Authority Rush tournament,Chest of Authority,100,MMM
2023-02-13,Xena,Level 15 Citadel,Elven Citadel Chest,17,MMM
2023-02-13,Braveheart,Authority Rush tournament,Chest of Authority,100,MMM
2023-02-13,Karodor,Level 15 Crypt,Orc Chest,17,MMM
2023-02-13,DarkAngel,Level 15 Crypt,Gnome Workshop Chest,17,MMM
2023-02-13,Karodor,Level 15 Crypt,Orc Chest,17,MMM
2023-02-13,Feli,Level 20 Citadel,Elven Citadel Chest,84,MMM
2023-02-13,Xena,Level 20 Citadel,Elven Citadel Chest,84,MMM
